attention,delta,meditation,rawValue,theta,lowAlpha,highAlpha,lowBeta,highBeta,lowGamma,midGamma,poorSignal,blinkStrength,label
0,0,0,0,0,0,0,0,0,0,0,0,0,1
0,0,0,0,0,0,0,0,0,0,0,0,0,1
0,0,0,0,0,0,0,0,0,0,0,0,0,1
0,0,0,0,0,0,0,0,0,0,0,0,0,1
0,0,0,0,0,0,0,0,0,0,0,0,0,1
0,0,0,0,0,0,0,0,0,0,0,0,0,1
0,0,0,0,0,0,0,0,0,0,0,0,0,1
0,0,0,0,0,0,0,0,0,0,0,0,0,1
0,0,0,0,0,0,0,0,0,0,0,0,0,1
0,0,0,0,0,0,0,0,0,0,0,0,0,1
0,0,0,0,0,0,0,0,0,0,0,0,0,1
0,0,0,0,0,0,0,0,0,0,0,0,0,1
0,0,0,0,0,0,0,0,0,0,0,0,0,1
0,0,0,0,0,0,0,0,0,0,0,0,0,1
0,0,0,0,0,0,0,0,0,0,0,0,0,1
0,0,0,0,0,0,0,0,0,0,0,0,0,1
0,0,0,0,0,0,0,0,0,0,0,0,0,1
0,0,0,44,0,0,0,0,0,0,0,0,0,1
0,0,0,43,0,0,0,0,0,0,0,0,0,1
0,0,0,44,0,0,0,0,0,0,0,0,0,1
0,0,0,44,0,0,0,0,0,0,0,0,0,1
0,0,0,43,0,0,0,0,0,0,0,0,0,1
0,0,0,45,0,0,0,0,0,0,0,0,0,1
0,0,0,43,0,0,0,0,0,0,0,0,0,1
0,0,0,44,0,0,0,0,0,0,0,0,0,1
0,0,0,44,0,0,0,0,0,0,0,0,0,1
0,0,0,44,0,0,0,0,0,0,0,0,0,1
0,0,0,44,0,0,0,0,0,0,0,0,0,1
0,0,0,44,0,0,0,0,0,0,0,0,0,1
0,0,0,44,0,0,0,0,0,0,0,0,0,1
0,0,0,44,0,0,0,0,0,0,0,0,0,1
0,0,0,44,0,0,0,0,0,0,0,0,0,1
0,0,0,44,0,0,0,0,0,0,0,0,0,1
0,0,0,44,0,0,0,0,0,0,0,0,0,1
0,0,0,44,0,0,0,0,0,0,0,0,0,1
0,0,0,44,0,0,0,0,0,0,0,0,0,1
0,0,0,44,0,0,0,0,0,0,0,0,0,1
0,0,0,44,0,0,0,0,0,0,0,0,0,1
0,0,0,44,0,0,0,0,0,0,0,0,0,1
0,0,0,44,0,0,0,0,0,0,0,0,0,1
0,0,0,44,0,0,0,0,0,0,0,0,0,1
0,0,0,44,0,0,0,0,0,0,0,0,0,1
0,0,0,44,0,0,0,0,0,0,0,0,0,1
0,0,0,44,0,0,0,0,0,0,0,0,0,1
0,0,0,44,0,0,0,0,0,0,0,0,0,1
0,0,0,44,0,0,0,0,0,0,0,0,0,1
0,0,0,44,0,0,0,0,0,0,0,0,0,1
0,0,0,44,0,0,0,0,0,0,0,0,0,1
0,0,0,44,0,0,0,0,0,0,0,0,0,1
0,0,0,44,0,0,0,0,0,0,0,0,0,1
0,0,0,44,0,0,0,0,0,0,0,0,0,1
0,0,0,44,0,0,0,0,0,0,0,0,0,1
0,0,0,44,0,0,0,0,0,0,0,0,0,1
0,0,0,44,0,0,0,0,0,0,0,0,0,1
0,0,0,44,0,0,0,0,0,0,0,0,0,1
0,0,0,44,0,0,0,0,0,0,0,0,0,1
0,0,0,44,0,0,0,0,0,0,0,0,0,1
0,0,0,44,0,0,0,0,0,0,0,0,0,1
0,0,0,44,0,0,0,0,0,0,0,0,0,1
0,0,0,44,0,0,0,0,0,0,0,0,0,1
0,0,0,44,0,0,0,0,0,0,0,0,0,1
0,0,0,44,0,0,0,0,0,0,0,0,0,1
0,0,0,-5,0,0,0,0,0,0,0,0,0,1
0,0,0,-5,0,0,0,0,0,0,0,0,0,1
0,0,0,-5,0,0,0,0,0,0,0,0,0,1
0,0,0,-5,0,0,0,0,0,0,0,0,0,1
0,0,0,-5,0,0,0,0,0,0,0,0,0,1
0,0,0,-5,0,0,0,0,0,0,0,0,0,1
0,0,0,-5,0,0,0,0,0,0,0,0,0,1
0,0,0,-5,0,0,0,0,0,0,0,0,0,1
0,0,0,-5,0,0,0,0,0,0,0,0,0,1
0,0,0,-5,0,0,0,0,0,0,0,0,0,1
0,0,0,-5,0,0,0,0,0,0,0,0,0,1
0,0,0,-5,0,0,0,0,0,0,0,0,0,1
0,0,0,-5,0,0,0,0,0,0,0,0,0,1
0,0,0,-5,0,0,0,0,0,0,0,0,0,1
0,0,0,-5,0,0,0,0,0,0,0,0,0,1
0,0,0,-5,0,0,0,0,0,0,0,0,0,1
0,0,0,-5,0,0,0,0,0,0,0,0,0,1
0,0,0,-5,0,0,0,0,0,0,0,0,0,1
0,0,0,-5,0,0,0,0,0,0,0,0,0,1
0,0,0,-5,0,0,0,0,0,0,0,0,0,1
0,0,0,-5,0,0,0,0,0,0,0,0,0,1
0,0,0,-5,0,0,0,0,0,0,0,0,0,1
0,0,0,-5,0,0,0,0,0,0,0,0,0,1
0,0,0,-5,0,0,0,0,0,0,0,0,0,1
0,0,0,-5,0,0,0,0,0,0,0,0,0,1
0,0,0,-5,0,0,0,0,0,0,0,0,0,1
0,0,0,-5,0,0,0,0,0,0,0,0,0,1
0,0,0,-5,0,0,0,0,0,0,0,0,0,1
0,0,0,-5,0,0,0,0,0,0,0,0,0,1
0,0,0,-5,0,0,0,0,0,0,0,0,0,1
0,0,0,-5,0,0,0,0,0,0,0,0,0,1
0,0,0,-5,0,0,0,0,0,0,0,0,0,1
0,0,0,-5,0,0,0,0,0,0,0,0,0,1
0,0,0,-5,0,0,0,0,0,0,0,0,0,1
0,0,0,-5,0,0,0,0,0,0,0,0,0,1
0,0,0,-5,0,0,0,0,0,0,0,0,0,1
0,0,0,-5,0,0,0,0,0,0,0,0,0,1
0,0,0,-5,0,0,0,0,0,0,0,0,0,1
0,0,0,-5,0,0,0,0,0,0,0,0,0,1
0,0,0,-5,0,0,0,0,0,0,0,0,0,1
0,0,0,-5,0,0,0,0,0,0,0,0,0,1
0,0,0,-5,0,0,0,0,0,0,0,0,0,1
0,0,0,-5,0,0,0,0,0,0,0,0,0,1
0,0,0,-5,0,0,0,0,0,0,0,0,0,1
0,0,0,-5,0,0,0,0,0,0,0,0,0,1
0,0,0,-5,0,0,0,0,0,0,0,0,0,1
0,0,0,-5,0,0,0,0,0,0,0,0,0,1
0,0,0,-5,0,0,0,0,0,0,0,0,0,1
0,0,0,-5,0,0,0,0,0,0,0,0,0,1
0,0,0,-5,0,0,0,0,0,0,0,0,0,1
0,0,0,-5,0,0,0,0,0,0,0,0,0,1
0,0,0,-5,0,0,0,0,0,0,0,0,0,1
0,0,0,-5,0,0,0,0,0,0,0,0,0,1
0,0,0,-5,0,0,0,0,0,0,0,0,0,1
0,0,0,-5,0,0,0,0,0,0,0,0,0,1
0,0,0,-5,0,0,0,0,0,0,0,0,0,1
0,0,0,-5,0,0,0,0,0,0,0,0,0,1
0,0,0,-5,0,0,0,0,0,0,0,0,0,1
0,0,0,-5,0,0,0,0,0,0,0,0,0,1
0,0,0,-5,0,0,0,0,0,0,0,0,0,1
0,0,0,-5,0,0,0,0,0,0,0,0,0,1
0,0,0,-5,0,0,0,0,0,0,0,0,0,1
0,0,0,-5,0,0,0,0,0,0,0,0,0,1
0,0,0,-5,0,0,0,0,0,0,0,0,0,1
0,0,0,-5,0,0,0,0,0,0,0,0,0,1
0,0,0,-5,0,0,0,0,0,0,0,0,0,1
0,0,0,-5,0,0,0,0,0,0,0,0,0,1
0,0,0,-5,0,0,0,0,0,0,0,0,0,1
0,0,0,-5,0,0,0,0,0,0,0,0,0,1
0,0,0,-5,0,0,0,0,0,0,0,0,0,1
0,0,0,-5,0,0,0,0,0,0,0,0,0,1
0,0,0,-5,0,0,0,0,0,0,0,0,0,1
0,0,0,-5,0,0,0,0,0,0,0,0,0,1
0,0,0,-5,0,0,0,0,0,0,0,0,0,1
0,0,0,-5,0,0,0,0,0,0,0,0,0,1
0,0,0,-5,0,0,0,0,0,0,0,0,0,1
0,0,0,-5,0,0,0,0,0,0,0,0,0,1
0,0,0,-5,0,0,0,0,0,0,0,0,0,1
0,0,0,-5,0,0,0,0,0,0,0,0,0,1
0,0,0,-5,0,0,0,0,0,0,0,0,0,1
0,0,0,-5,0,0,0,0,0,0,0,0,0,1
0,0,0,-5,0,0,0,0,0,0,0,0,0,1
0,0,0,-5,0,0,0,0,0,0,0,0,0,1
0,0,0,-5,0,0,0,0,0,0,0,0,0,1
0,0,0,-5,0,0,0,0,0,0,0,0,0,1
0,0,0,-5,0,0,0,0,0,0,0,0,0,1
0,0,0,-5,0,0,0,0,0,0,0,0,0,1
0,0,0,-5,0,0,0,0,0,0,0,0,0,1
0,0,0,-5,0,0,0,0,0,0,0,0,0,1
0,0,0,-5,0,0,0,0,0,0,0,0,0,1
0,0,0,-5,0,0,0,0,0,0,0,0,0,1
0,0,0,-5,0,0,0,0,0,0,0,0,0,1
0,0,0,-5,0,0,0,0,0,0,0,0,0,1
0,0,0,-5,0,0,0,0,0,0,0,0,0,1
0,0,0,-5,0,0,0,0,0,0,0,0,0,1
0,0,0,-5,0,0,0,0,0,0,0,0,0,1
0,0,0,-5,0,0,0,0,0,0,0,0,0,1
0,0,0,-5,0,0,0,0,0,0,0,0,0,1
0,0,0,-5,0,0,0,0,0,0,0,0,0,1
0,0,0,-5,0,0,0,0,0,0,0,0,0,1
0,0,0,-5,0,0,0,0,0,0,0,0,0,1
0,0,0,-5,0,0,0,0,0,0,0,0,0,1
0,0,0,-5,0,0,0,0,0,0,0,0,0,1
0,0,0,-5,0,0,0,0,0,0,0,0,0,1
0,0,0,-5,0,0,0,0,0,0,0,0,0,1
0,0,0,-5,0,0,0,0,0,0,0,0,0,1
0,0,0,-5,0,0,0,0,0,0,0,0,0,1
0,0,0,-5,0,0,0,0,0,0,0,0,0,1
0,0,0,-5,0,0,0,0,0,0,0,0,0,1
0,0,0,-5,0,0,0,0,0,0,0,0,0,1
0,0,0,-5,0,0,0,0,0,0,0,0,0,1
0,0,0,-5,0,0,0,0,0,0,0,0,0,1
0,0,0,-5,0,0,0,0,0,0,0,0,0,1
0,0,0,-5,0,0,0,0,0,0,0,0,0,1
0,0,0,-5,0,0,0,0,0,0,0,0,0,1
0,0,0,-5,0,0,0,0,0,0,0,0,0,1
0,0,0,-5,0,0,0,0,0,0,0,0,0,1
0,0,0,-5,0,0,0,0,0,0,0,0,0,1
0,0,0,-5,0,0,0,0,0,0,0,0,0,1
0,0,0,139,0,0,0,0,0,0,0,0,0,1
0,0,0,132,0,0,0,0,0,0,0,0,0,1
0,0,0,57,0,0,0,0,0,0,0,0,0,1
0,0,0,-26,0,0,0,0,0,0,0,0,0,1
0,0,0,81,0,0,0,0,0,0,0,0,0,1
0,0,0,-306,0,0,0,0,0,0,0,0,0,1
0,0,0,-88,0,0,0,0,0,0,0,0,0,1
0,132450,0,48,49793,13846,14018,10518,5807,1239,41456,25,0,1
0,132450,0,173,49793,13846,14018,10518,5807,1239,41456,25,0,1
0,132450,0,28,49793,13846,14018,10518,5807,1239,41456,25,0,1
0,132450,0,129,49793,13846,14018,10518,5807,1239,41456,25,0,1
0,132450,0,85,49793,13846,14018,10518,5807,1239,41456,25,0,1
0,132450,0,-980,49793,13846,14018,10518,5807,1239,41456,25,0,1
0,132450,0,-492,49793,13846,14018,10518,5807,1239,41456,25,0,1
0,132450,0,882,49793,13846,14018,10518,5807,1239,41456,25,0,1
0,132450,0,1116,49793,13846,14018,10518,5807,1239,41456,25,0,1
0,1334315,0,813,198724,59148,32630,8389,22373,7991,107662,51,0,1
0,1334315,0,184,198724,59148,32630,8389,22373,7991,107662,51,0,1
0,1334315,0,27,198724,59148,32630,8389,22373,7991,107662,51,0,1
0,1334315,0,41,198724,59148,32630,8389,22373,7991,107662,51,0,1
0,1334315,0,45,198724,59148,32630,8389,22373,7991,107662,51,0,1
0,1334315,0,139,198724,59148,32630,8389,22373,7991,107662,51,0,1
0,1334315,0,24,198724,59148,32630,8389,22373,7991,107662,51,0,1
0,1334315,0,-132,198724,59148,32630,8389,22373,7991,107662,51,0,1
0,1334315,0,-194,198724,59148,32630,8389,22373,7991,107662,51,0,1
0,1334315,0,35,198724,59148,32630,8389,22373,7991,107662,51,0,1
0,987674,0,-10,110590,15268,11197,5981,3507,1135,10025,0,0,1
0,987674,0,41,110590,15268,11197,5981,3507,1135,10025,0,0,1
0,987674,0,-38,110590,15268,11197,5981,3507,1135,10025,0,0,1
0,987674,0,-29,110590,15268,11197,5981,3507,1135,10025,0,0,1
0,987674,0,32,110590,15268,11197,5981,3507,1135,10025,0,0,1
0,987674,0,-100,110590,15268,11197,5981,3507,1135,10025,0,0,1
0,987674,0,173,110590,15268,11197,5981,3507,1135,10025,0,0,1
0,987674,0,134,110590,15268,11197,5981,3507,1135,10025,0,0,1
0,987674,0,203,110590,15268,11197,5981,3507,1135,10025,0,0,1
0,987674,0,56,110590,15268,11197,5981,3507,1135,10025,0,0,1
0,307533,0,70,81607,8947,14395,30832,19320,3198,179345,0,0,1
0,307533,0,52,81607,8947,14395,30832,19320,3198,179345,0,0,1
0,307533,0,-26,81607,8947,14395,30832,19320,3198,179345,0,0,1
0,307533,0,-51,81607,8947,14395,30832,19320,3198,179345,0,0,1
0,307533,0,-87,81607,8947,14395,30832,19320,3198,179345,0,0,1
0,307533,0,281,81607,8947,14395,30832,19320,3198,179345,0,0,1
0,307533,0,284,81607,8947,14395,30832,19320,3198,179345,0,0,1
0,307533,0,180,81607,8947,14395,30832,19320,3198,179345,0,0,1
0,307533,0,73,81607,8947,14395,30832,19320,3198,179345,0,0,1
0,307533,0,-21,81607,8947,14395,30832,19320,3198,179345,0,0,1
0,1153030,0,167,99034,35209,12837,29469,23850,1571,189483,0,0,1
0,1153030,0,105,99034,35209,12837,29469,23850,1571,189483,0,0,1
0,1153030,0,90,99034,35209,12837,29469,23850,1571,189483,0,0,1
0,1153030,0,-65,99034,35209,12837,29469,23850,1571,189483,0,0,1
0,1153030,0,492,99034,35209,12837,29469,23850,1571,189483,0,0,1
0,1153030,0,306,99034,35209,12837,29469,23850,1571,189483,0,0,1
0,1153030,0,-76,99034,35209,12837,29469,23850,1571,189483,0,0,1
0,1153030,0,216,99034,35209,12837,29469,23850,1571,189483,0,0,1
0,1153030,0,264,99034,35209,12837,29469,23850,1571,189483,0,0,1
0,1153030,0,73,99034,35209,12837,29469,23850,1571,189483,0,0,1
44,1331119,54,132,186347,23394,43730,29210,23837,1967,172507,0,0,1
44,1331119,54,150,186347,23394,43730,29210,23837,1967,172507,0,0,1
44,1331119,54,75,186347,23394,43730,29210,23837,1967,172507,0,0,1
44,1331119,54,-41,186347,23394,43730,29210,23837,1967,172507,0,0,1
44,1331119,54,27,186347,23394,43730,29210,23837,1967,172507,0,0,1
44,1331119,54,-203,186347,23394,43730,29210,23837,1967,172507,0,0,1
44,1331119,54,-257,186347,23394,43730,29210,23837,1967,172507,0,0,1
44,1331119,54,45,186347,23394,43730,29210,23837,1967,172507,0,0,1
44,1331119,54,115,186347,23394,43730,29210,23837,1967,172507,0,0,1
44,1331119,54,162,186347,23394,43730,29210,23837,1967,172507,0,0,1
40,1174544,78,118,386163,108503,102757,28236,23082,7205,625461,0,0,1
40,1174544,78,88,386163,108503,102757,28236,23082,7205,625461,0,0,1
40,1174544,78,42,386163,108503,102757,28236,23082,7205,625461,0,0,1
40,1174544,78,59,386163,108503,102757,28236,23082,7205,625461,0,0,1
40,1174544,78,233,386163,108503,102757,28236,23082,7205,625461,0,0,1
40,1174544,78,-498,386163,108503,102757,28236,23082,7205,625461,0,0,1
40,1174544,78,-54,386163,108503,102757,28236,23082,7205,625461,0,0,1
40,1174544,78,193,386163,108503,102757,28236,23082,7205,625461,0,0,1
40,1174544,78,108,386163,108503,102757,28236,23082,7205,625461,0,0,1
40,1174544,78,7,386163,108503,102757,28236,23082,7205,625461,0,0,1
41,990989,84,60,63610,10259,13658,23362,5127,801,173445,0,0,1
41,990989,84,98,63610,10259,13658,23362,5127,801,173445,0,0,1
41,990989,84,154,63610,10259,13658,23362,5127,801,173445,0,0,1
41,990989,84,119,63610,10259,13658,23362,5127,801,173445,0,0,1
41,990989,84,185,63610,10259,13658,23362,5127,801,173445,0,0,1
41,990989,84,-262,63610,10259,13658,23362,5127,801,173445,0,0,1
41,990989,84,-501,63610,10259,13658,23362,5127,801,173445,0,0,1
41,990989,84,83,63610,10259,13658,23362,5127,801,173445,0,0,1
41,990989,84,193,63610,10259,13658,23362,5127,801,173445,0,0,1
41,990989,84,169,63610,10259,13658,23362,5127,801,173445,0,0,1
53,570134,100,39,17475,22675,2422,9060,7377,1846,163544,0,0,1
53,570134,100,101,17475,22675,2422,9060,7377,1846,163544,0,0,1
53,570134,100,123,17475,22675,2422,9060,7377,1846,163544,0,0,1
53,570134,100,90,17475,22675,2422,9060,7377,1846,163544,0,0,1
53,570134,100,-1000,17475,22675,2422,9060,7377,1846,163544,0,0,1
53,570134,100,-593,17475,22675,2422,9060,7377,1846,163544,0,0,1
53,570134,100,-6,17475,22675,2422,9060,7377,1846,163544,0,0,1
53,570134,100,1412,17475,22675,2422,9060,7377,1846,163544,0,0,1
53,570134,100,1173,17475,22675,2422,9060,7377,1846,163544,0,0,1
53,570134,100,365,17475,22675,2422,9060,7377,1846,163544,0,0,1
53,974044,100,120,186199,24226,38447,16821,16958,2628,16396,26,0,1
53,974044,100,56,186199,24226,38447,16821,16958,2628,16396,26,0,1
53,974044,100,36,186199,24226,38447,16821,16958,2628,16396,26,0,1
53,974044,100,-1826,186199,24226,38447,16821,16958,2628,16396,26,0,1
53,974044,100,-539,186199,24226,38447,16821,16958,2628,16396,26,0,1
53,974044,100,2001,186199,24226,38447,16821,16958,2628,16396,26,0,1
53,974044,100,544,186199,24226,38447,16821,16958,2628,16396,26,0,1
53,974044,100,100,186199,24226,38447,16821,16958,2628,16396,26,0,1
53,974044,100,54,186199,24226,38447,16821,16958,2628,16396,26,0,1
53,974044,100,36,186199,24226,38447,16821,16958,2628,16396,26,0,1
53,1152303,100,-6,50939,2955,20157,17735,28226,2486,1005,51,0,1
53,1152303,100,-12,50939,2955,20157,17735,28226,2486,1005,51,0,1
53,1152303,100,23,50939,2955,20157,17735,28226,2486,1005,51,0,1
53,1152303,100,-1912,50939,2955,20157,17735,28226,2486,1005,51,0,1
53,1152303,100,1796,50939,2955,20157,17735,28226,2486,1005,51,0,1
53,1152303,100,714,50939,2955,20157,17735,28226,2486,1005,51,0,1
53,1152303,100,182,50939,2955,20157,17735,28226,2486,1005,51,0,1
53,1152303,100,24,50939,2955,20157,17735,28226,2486,1005,51,0,1
53,1152303,100,12,50939,2955,20157,17735,28226,2486,1005,51,0,1
53,1750067,100,28,91835,35945,40810,52116,37350,9700,26235,51,0,1
53,1750067,100,-29,91835,35945,40810,52116,37350,9700,26235,51,0,1
53,1750067,100,-102,91835,35945,40810,52116,37350,9700,26235,51,0,1
53,1750067,100,-62,91835,35945,40810,52116,37350,9700,26235,51,0,1
53,1750067,100,-20,91835,35945,40810,52116,37350,9700,26235,51,0,1
53,1750067,100,12,91835,35945,40810,52116,37350,9700,26235,51,0,1
53,1750067,100,56,91835,35945,40810,52116,37350,9700,26235,51,0,1
53,1750067,100,134,91835,35945,40810,52116,37350,9700,26235,51,0,1
53,1750067,100,-6,91835,35945,40810,52116,37350,9700,26235,51,0,1
53,1750067,100,-69,91835,35945,40810,52116,37350,9700,26235,51,0,1
64,263167,80,59,105525,12413,28355,86102,39668,1864,466508,0,0,1
64,263167,80,-2,105525,12413,28355,86102,39668,1864,466508,0,0,1
64,263167,80,-66,105525,12413,28355,86102,39668,1864,466508,0,0,1
64,263167,80,-75,105525,12413,28355,86102,39668,1864,466508,0,0,1
64,263167,80,295,105525,12413,28355,86102,39668,1864,466508,0,0,1
64,263167,80,-361,105525,12413,28355,86102,39668,1864,466508,0,0,1
64,263167,80,145,105525,12413,28355,86102,39668,1864,466508,0,0,1
64,263167,80,123,105525,12413,28355,86102,39668,1864,466508,0,0,1
64,263167,80,53,105525,12413,28355,86102,39668,1864,466508,0,0,1
64,263167,80,1,105525,12413,28355,86102,39668,1864,466508,0,0,1
66,929774,57,138,54911,9932,9659,4001,3385,644,156703,0,0,1
66,929774,57,72,54911,9932,9659,4001,3385,644,156703,0,0,1
66,929774,57,-28,54911,9932,9659,4001,3385,644,156703,0,0,1
66,929774,57,-41,54911,9932,9659,4001,3385,644,156703,0,0,1
66,929774,57,-935,54911,9932,9659,4001,3385,644,156703,0,0,1
66,929774,57,72,54911,9932,9659,4001,3385,644,156703,0,0,1
66,929774,57,251,54911,9932,9659,4001,3385,644,156703,0,0,1
66,929774,57,192,54911,9932,9659,4001,3385,644,156703,0,0,1
66,929774,57,83,54911,9932,9659,4001,3385,644,156703,0,0,1
66,929774,57,-30,54911,9932,9659,4001,3385,644,156703,0,0,1
84,794072,57,146,45449,10974,33059,51909,31071,1629,163275,0,0,1
84,794072,57,112,45449,10974,33059,51909,31071,1629,163275,0,0,1
84,794072,57,93,45449,10974,33059,51909,31071,1629,163275,0,0,1
84,794072,57,-9,45449,10974,33059,51909,31071,1629,163275,0,0,1
84,794072,57,-44,45449,10974,33059,51909,31071,1629,163275,0,0,1
84,794072,57,-25,45449,10974,33059,51909,31071,1629,163275,0,0,1
84,794072,57,185,45449,10974,33059,51909,31071,1629,163275,0,0,1
84,794072,57,148,45449,10974,33059,51909,31071,1629,163275,0,0,1
84,794072,57,104,45449,10974,33059,51909,31071,1629,163275,0,0,1
84,794072,57,4,45449,10974,33059,51909,31071,1629,163275,0,0,1
69,666054,16,85,487512,33740,24913,32055,21906,5978,722728,0,0,1
69,666054,16,147,487512,33740,24913,32055,21906,5978,722728,0,0,1
69,666054,16,113,487512,33740,24913,32055,21906,5978,722728,0,0,1
69,666054,16,-695,487512,33740,24913,32055,21906,5978,722728,0,0,1
69,666054,16,-67,487512,33740,24913,32055,21906,5978,722728,0,0,1
69,666054,16,1896,487512,33740,24913,32055,21906,5978,722728,0,0,1
69,666054,16,1144,487512,33740,24913,32055,21906,5978,722728,0,0,1
69,666054,16,217,487512,33740,24913,32055,21906,5978,722728,0,0,1
69,666054,16,70,487512,33740,24913,32055,21906,5978,722728,0,0,1
69,666054,16,51,487512,33740,24913,32055,21906,5978,722728,0,0,1
69,856735,16,44,18408,11986,21874,15642,13032,1054,4297,51,0,1
69,856735,16,40,18408,11986,21874,15642,13032,1054,4297,51,0,1
69,856735,16,-2048,18408,11986,21874,15642,13032,1054,4297,51,0,1
69,856735,16,2047,18408,11986,21874,15642,13032,1054,4297,51,0,1
69,856735,16,1107,18408,11986,21874,15642,13032,1054,4297,51,0,1
69,856735,16,551,18408,11986,21874,15642,13032,1054,4297,51,0,1
69,856735,16,119,18408,11986,21874,15642,13032,1054,4297,51,0,1
69,856735,16,55,18408,11986,21874,15642,13032,1054,4297,51,0,1
69,856735,16,44,18408,11986,21874,15642,13032,1054,4297,51,0,1
69,856735,16,27,18408,11986,21874,15642,13032,1054,4297,51,0,1
69,1956391,16,2,107399,58601,110686,285200,90850,88410,42056,51,0,1
69,1956391,16,-2048,107399,58601,110686,285200,90850,88410,42056,51,0,1
69,1956391,16,250,107399,58601,110686,285200,90850,88410,42056,51,0,1
69,1956391,16,1265,107399,58601,110686,285200,90850,88410,42056,51,0,1
69,1956391,16,352,107399,58601,110686,285200,90850,88410,42056,51,0,1
69,1956391,16,85,107399,58601,110686,285200,90850,88410,42056,51,0,1
69,1956391,16,3,107399,58601,110686,285200,90850,88410,42056,51,0,1
69,1956391,16,1,107399,58601,110686,285200,90850,88410,42056,51,0,1
69,1956391,16,11,107399,58601,110686,285200,90850,88410,42056,51,0,1
69,1956391,16,49,107399,58601,110686,285200,90850,88410,42056,51,0,1
69,2871348,16,-1299,2095833,294265,240197,409999,537090,66738,42367,51,0,1
69,2871348,16,1562,2095833,294265,240197,409999,537090,66738,42367,51,0,1
69,2871348,16,1210,2095833,294265,240197,409999,537090,66738,42367,51,0,1
69,2871348,16,268,2095833,294265,240197,409999,537090,66738,42367,51,0,1
69,2871348,16,42,2095833,294265,240197,409999,537090,66738,42367,51,0,1
69,2871348,16,7,2095833,294265,240197,409999,537090,66738,42367,51,0,1
69,2871348,16,6,2095833,294265,240197,409999,537090,66738,42367,51,0,1
69,2871348,16,-61,2095833,294265,240197,409999,537090,66738,42367,51,0,1
69,2871348,16,-11,2095833,294265,240197,409999,537090,66738,42367,51,0,1
69,2871348,16,-997,2095833,294265,240197,409999,537090,66738,42367,51,0,1
69,1038744,16,-459,110254,13869,51694,58732,62762,17140,7362,51,0,1
69,1038744,16,1697,110254,13869,51694,58732,62762,17140,7362,51,0,1
69,1038744,16,1116,110254,13869,51694,58732,62762,17140,7362,51,0,1
69,1038744,16,282,110254,13869,51694,58732,62762,17140,7362,51,0,1
69,1038744,16,39,110254,13869,51694,58732,62762,17140,7362,51,0,1
69,1038744,16,-7,110254,13869,51694,58732,62762,17140,7362,51,0,1
69,1038744,16,-84,110254,13869,51694,58732,62762,17140,7362,51,0,1
69,1038744,16,-123,110254,13869,51694,58732,62762,17140,7362,51,0,1
69,1038744,16,-46,110254,13869,51694,58732,62762,17140,7362,51,0,1
69,1038744,16,-1956,110254,13869,51694,58732,62762,17140,7362,51,0,1
69,1586634,16,306,394367,60197,38876,57752,31035,9026,18240,26,0,1
69,1586634,16,250,394367,60197,38876,57752,31035,9026,18240,26,0,1
69,1586634,16,169,394367,60197,38876,57752,31035,9026,18240,26,0,1
69,1586634,16,82,394367,60197,38876,57752,31035,9026,18240,26,0,1
69,1586634,16,59,394367,60197,38876,57752,31035,9026,18240,26,0,1
69,1586634,16,23,394367,60197,38876,57752,31035,9026,18240,26,0,1
69,1586634,16,-13,394367,60197,38876,57752,31035,9026,18240,26,0,1
69,1586634,16,-56,394367,60197,38876,57752,31035,9026,18240,26,0,1
69,1586634,16,-1725,394367,60197,38876,57752,31035,9026,18240,26,0,1
69,914513,16,800,46388,3626,4613,4000,4931,2422,6199,26,0,1
69,914513,16,706,46388,3626,4613,4000,4931,2422,6199,26,0,1
69,914513,16,176,46388,3626,4613,4000,4931,2422,6199,26,0,1
69,914513,16,10,46388,3626,4613,4000,4931,2422,6199,26,0,1
69,914513,16,89,46388,3626,4613,4000,4931,2422,6199,26,0,1
69,914513,16,60,46388,3626,4613,4000,4931,2422,6199,26,0,1
69,914513,16,92,46388,3626,4613,4000,4931,2422,6199,26,0,1
69,914513,16,-39,46388,3626,4613,4000,4931,2422,6199,26,0,1
69,914513,16,-36,46388,3626,4613,4000,4931,2422,6199,26,0,1
69,914513,16,-2048,46388,3626,4613,4000,4931,2422,6199,26,0,1
67,370224,44,84,9449,6004,4830,4173,5008,1085,5397,0,0,1
67,370224,44,1047,9449,6004,4830,4173,5008,1085,5397,0,0,1
67,370224,44,629,9449,6004,4830,4173,5008,1085,5397,0,0,1
67,370224,44,277,9449,6004,4830,4173,5008,1085,5397,0,0,1
67,370224,44,134,9449,6004,4830,4173,5008,1085,5397,0,0,1
67,370224,44,59,9449,6004,4830,4173,5008,1085,5397,0,0,1
67,370224,44,58,9449,6004,4830,4173,5008,1085,5397,0,0,1
67,370224,44,-33,9449,6004,4830,4173,5008,1085,5397,0,0,1
67,370224,44,-2048,9449,6004,4830,4173,5008,1085,5397,0,0,1
67,370224,44,387,9449,6004,4830,4173,5008,1085,5397,0,0,1
67,1026418,44,1866,83796,27099,18280,8878,13133,4277,13933,51,0,1
67,1026418,44,866,83796,27099,18280,8878,13133,4277,13933,51,0,1
67,1026418,44,188,83796,27099,18280,8878,13133,4277,13933,51,0,1
67,1026418,44,97,83796,27099,18280,8878,13133,4277,13933,51,0,1
67,1026418,44,-91,83796,27099,18280,8878,13133,4277,13933,51,0,1
67,1026418,44,-28,83796,27099,18280,8878,13133,4277,13933,51,0,1
67,1026418,44,-4,83796,27099,18280,8878,13133,4277,13933,51,0,1
67,1026418,44,-66,83796,27099,18280,8878,13133,4277,13933,51,0,1
67,1026418,44,-898,83796,27099,18280,8878,13133,4277,13933,51,0,1
67,1026418,44,1218,83796,27099,18280,8878,13133,4277,13933,51,0,1
67,379166,44,-1873,29442,7263,3964,855,819,923,1361,51,0,1
67,379166,44,784,29442,7263,3964,855,819,923,1361,51,0,1
67,379166,44,1035,29442,7263,3964,855,819,923,1361,51,0,1
67,379166,44,464,29442,7263,3964,855,819,923,1361,51,0,1
67,379166,44,139,29442,7263,3964,855,819,923,1361,51,0,1
67,379166,44,51,29442,7263,3964,855,819,923,1361,51,0,1
67,379166,44,11,29442,7263,3964,855,819,923,1361,51,0,1
67,379166,44,-86,29442,7263,3964,855,819,923,1361,51,0,1
67,379166,44,-2048,29442,7263,3964,855,819,923,1361,51,0,1
67,379166,44,2047,29442,7263,3964,855,819,923,1361,51,0,1
67,754384,44,-1881,99960,78797,61912,44465,13418,2827,4563,51,0,1
67,754384,44,1268,99960,78797,61912,44465,13418,2827,4563,51,0,1
67,754384,44,630,99960,78797,61912,44465,13418,2827,4563,51,0,1
67,754384,44,146,99960,78797,61912,44465,13418,2827,4563,51,0,1
67,754384,44,-2,99960,78797,61912,44465,13418,2827,4563,51,0,1
67,754384,44,-58,99960,78797,61912,44465,13418,2827,4563,51,0,1
67,754384,44,-72,99960,78797,61912,44465,13418,2827,4563,51,0,1
67,754384,44,-167,99960,78797,61912,44465,13418,2827,4563,51,0,1
67,754384,44,-1746,99960,78797,61912,44465,13418,2827,4563,51,0,1
67,754384,44,711,99960,78797,61912,44465,13418,2827,4563,51,0,1
67,655255,44,824,195079,35075,3808,3822,8798,11995,7948,51,0,1
67,655255,44,233,195079,35075,3808,3822,8798,11995,7948,51,0,1
67,655255,44,43,195079,35075,3808,3822,8798,11995,7948,51,0,1
67,655255,44,-74,195079,35075,3808,3822,8798,11995,7948,51,0,1
67,655255,44,-167,195079,35075,3808,3822,8798,11995,7948,51,0,1
67,655255,44,-129,195079,35075,3808,3822,8798,11995,7948,51,0,1
67,655255,44,-61,195079,35075,3808,3822,8798,11995,7948,51,0,1
67,655255,44,53,195079,35075,3808,3822,8798,11995,7948,51,0,1
67,655255,44,-1796,195079,35075,3808,3822,8798,11995,7948,51,0,1
67,655255,44,1252,195079,35075,3808,3822,8798,11995,7948,51,0,1
67,529766,44,1170,34451,8832,2197,9296,7199,239,5479,51,0,1
67,529766,44,716,34451,8832,2197,9296,7199,239,5479,51,0,1
67,529766,44,276,34451,8832,2197,9296,7199,239,5479,51,0,1
67,529766,44,64,34451,8832,2197,9296,7199,239,5479,51,0,1
67,529766,44,-5,34451,8832,2197,9296,7199,239,5479,51,0,1
67,529766,44,-36,34451,8832,2197,9296,7199,239,5479,51,0,1
67,529766,44,-108,34451,8832,2197,9296,7199,239,5479,51,0,1
67,529766,44,21,34451,8832,2197,9296,7199,239,5479,51,0,1
67,529766,44,-646,34451,8832,2197,9296,7199,239,5479,51,0,1
67,529766,44,806,34451,8832,2197,9296,7199,239,5479,51,0,1
74,389489,24,598,34604,887,1123,4975,2713,691,5541,0,0,1
74,389489,24,163,34604,887,1123,4975,2713,691,5541,0,0,1
74,389489,24,70,34604,887,1123,4975,2713,691,5541,0,0,1
74,389489,24,54,34604,887,1123,4975,2713,691,5541,0,0,1
74,389489,24,-35,34604,887,1123,4975,2713,691,5541,0,0,1
74,389489,24,43,34604,887,1123,4975,2713,691,5541,0,0,1
74,389489,24,196,34604,887,1123,4975,2713,691,5541,0,0,1
74,389489,24,-1210,34604,887,1123,4975,2713,691,5541,0,0,1
74,389489,24,290,34604,887,1123,4975,2713,691,5541,0,0,1
74,389489,24,1156,34604,887,1123,4975,2713,691,5541,0,0,1
74,797419,24,345,10221,4890,5377,21688,7110,809,6860,51,0,1
74,797419,24,51,10221,4890,5377,21688,7110,809,6860,51,0,1
74,797419,24,26,10221,4890,5377,21688,7110,809,6860,51,0,1
74,797419,24,23,10221,4890,5377,21688,7110,809,6860,51,0,1
74,797419,24,156,10221,4890,5377,21688,7110,809,6860,51,0,1
74,797419,24,-1045,10221,4890,5377,21688,7110,809,6860,51,0,1
74,797419,24,886,10221,4890,5377,21688,7110,809,6860,51,0,1
74,797419,24,1226,10221,4890,5377,21688,7110,809,6860,51,0,1
74,797419,24,325,10221,4890,5377,21688,7110,809,6860,51,0,1
74,797419,24,52,10221,4890,5377,21688,7110,809,6860,51,0,1
74,692095,24,-74,53580,1941,10890,14438,13325,1324,2122,51,0,1
74,692095,24,-91,53580,1941,10890,14438,13325,1324,2122,51,0,1
74,692095,24,-65,53580,1941,10890,14438,13325,1324,2122,51,0,1
74,692095,24,7,53580,1941,10890,14438,13325,1324,2122,51,0,1
74,692095,24,-1537,53580,1941,10890,14438,13325,1324,2122,51,0,1
74,692095,24,-1067,53580,1941,10890,14438,13325,1324,2122,51,0,1
74,692095,24,1092,53580,1941,10890,14438,13325,1324,2122,51,0,1
74,692095,24,329,53580,1941,10890,14438,13325,1324,2122,51,0,1
74,692095,24,5,53580,1941,10890,14438,13325,1324,2122,51,0,1
74,692095,24,54,53580,1941,10890,14438,13325,1324,2122,51,0,1
74,874296,24,-52,476856,65842,73431,187396,73923,3818,76951,26,0,1
74,874296,24,-51,476856,65842,73431,187396,73923,3818,76951,26,0,1
74,874296,24,-68,476856,65842,73431,187396,73923,3818,76951,26,0,1
74,874296,24,-125,476856,65842,73431,187396,73923,3818,76951,26,0,1
74,874296,24,-280,476856,65842,73431,187396,73923,3818,76951,26,0,1
74,874296,24,-2048,476856,65842,73431,187396,73923,3818,76951,26,0,1
74,874296,24,-291,476856,65842,73431,187396,73923,3818,76951,26,0,1
74,874296,24,2047,476856,65842,73431,187396,73923,3818,76951,26,0,1
74,874296,24,699,476856,65842,73431,187396,73923,3818,76951,26,0,1
74,696826,24,151,57023,5279,9798,30423,16494,4411,16524,51,0,1
74,696826,24,-11,57023,5279,9798,30423,16494,4411,16524,51,0,1
74,696826,24,-57,57023,5279,9798,30423,16494,4411,16524,51,0,1
74,696826,24,-4,57023,5279,9798,30423,16494,4411,16524,51,0,1
74,696826,24,-122,57023,5279,9798,30423,16494,4411,16524,51,0,1
74,696826,24,-2048,57023,5279,9798,30423,16494,4411,16524,51,0,1
74,696826,24,2047,57023,5279,9798,30423,16494,4411,16524,51,0,1
74,696826,24,743,57023,5279,9798,30423,16494,4411,16524,51,0,1
74,696826,24,771,57023,5279,9798,30423,16494,4411,16524,51,0,1
74,696826,24,228,57023,5279,9798,30423,16494,4411,16524,51,0,1
74,1507687,24,96,108186,127241,101554,141677,45095,6052,77959,51,0,1
74,1507687,24,8,108186,127241,101554,141677,45095,6052,77959,51,0,1
74,1507687,24,75,108186,127241,101554,141677,45095,6052,77959,51,0,1
74,1507687,24,-102,108186,127241,101554,141677,45095,6052,77959,51,0,1
74,1507687,24,-81,108186,127241,101554,141677,45095,6052,77959,51,0,1
74,1507687,24,855,108186,127241,101554,141677,45095,6052,77959,51,0,1
74,1507687,24,278,108186,127241,101554,141677,45095,6052,77959,51,0,1
74,1507687,24,784,108186,127241,101554,141677,45095,6052,77959,51,0,1
74,1507687,24,307,108186,127241,101554,141677,45095,6052,77959,51,0,1
74,1507687,24,108,108186,127241,101554,141677,45095,6052,77959,51,0,1
74,1625216,24,87,293841,33645,46258,63940,151348,161290,160837,25,0,1
74,1625216,24,69,293841,33645,46258,63940,151348,161290,160837,25,0,1
74,1625216,24,29,293841,33645,46258,63940,151348,161290,160837,25,0,1
74,1625216,24,-85,293841,33645,46258,63940,151348,161290,160837,25,0,1
74,1625216,24,-81,293841,33645,46258,63940,151348,161290,160837,25,0,1
74,1625216,24,145,293841,33645,46258,63940,151348,161290,160837,25,0,1
74,1625216,24,-247,293841,33645,46258,63940,151348,161290,160837,25,0,1
74,1625216,24,251,293841,33645,46258,63940,151348,161290,160837,25,0,1
74,1625216,24,230,293841,33645,46258,63940,151348,161290,160837,25,0,1
74,1625216,24,39,293841,33645,46258,63940,151348,161290,160837,25,0,1
70,364906,37,49,27666,19630,36569,74987,25084,1525,101656,0,0,1
70,364906,37,44,27666,19630,36569,74987,25084,1525,101656,0,0,1
70,364906,37,67,27666,19630,36569,74987,25084,1525,101656,0,0,1
70,364906,37,1,27666,19630,36569,74987,25084,1525,101656,0,0,1
70,364906,37,21,27666,19630,36569,74987,25084,1525,101656,0,0,1
70,364906,37,-845,27666,19630,36569,74987,25084,1525,101656,0,0,1
70,364906,37,-602,27666,19630,36569,74987,25084,1525,101656,0,0,1
70,364906,37,264,27666,19630,36569,74987,25084,1525,101656,0,0,1
70,364906,37,173,27666,19630,36569,74987,25084,1525,101656,0,0,1
70,364906,37,119,27666,19630,36569,74987,25084,1525,101656,0,0,1
81,235576,51,20,516606,30897,56787,111041,59108,12644,434284,0,0,1
81,235576,51,-25,516606,30897,56787,111041,59108,12644,434284,0,0,1
81,235576,51,122,516606,30897,56787,111041,59108,12644,434284,0,0,1
81,235576,51,-66,516606,30897,56787,111041,59108,12644,434284,0,0,1
81,235576,51,-636,516606,30897,56787,111041,59108,12644,434284,0,0,1
81,235576,51,140,516606,30897,56787,111041,59108,12644,434284,0,0,1
81,235576,51,73,516606,30897,56787,111041,59108,12644,434284,0,0,1
81,235576,51,64,516606,30897,56787,111041,59108,12644,434284,0,0,1
81,235576,51,96,516606,30897,56787,111041,59108,12644,434284,0,0,1
81,235576,51,83,516606,30897,56787,111041,59108,12644,434284,0,0,1
54,371229,51,1,357086,20483,250096,242300,11515,3252,426708,0,0,1
54,371229,51,41,357086,20483,250096,242300,11515,3252,426708,0,0,1
54,371229,51,132,357086,20483,250096,242300,11515,3252,426708,0,0,1
54,371229,51,-1334,357086,20483,250096,242300,11515,3252,426708,0,0,1
54,371229,51,-326,357086,20483,250096,242300,11515,3252,426708,0,0,1
54,371229,51,1120,357086,20483,250096,242300,11515,3252,426708,0,0,1
54,371229,51,677,357086,20483,250096,242300,11515,3252,426708,0,0,1
54,371229,51,329,357086,20483,250096,242300,11515,3252,426708,0,0,1
54,371229,51,115,357086,20483,250096,242300,11515,3252,426708,0,0,1
54,371229,51,115,357086,20483,250096,242300,11515,3252,426708,0,0,1
54,888073,51,-26,18141,12114,22244,7665,4939,889,22444,26,0,1
54,888073,51,-2048,18141,12114,22244,7665,4939,889,22444,26,0,1
54,888073,51,-905,18141,12114,22244,7665,4939,889,22444,26,0,1
54,888073,51,1253,18141,12114,22244,7665,4939,889,22444,26,0,1
54,888073,51,535,18141,12114,22244,7665,4939,889,22444,26,0,1
54,888073,51,116,18141,12114,22244,7665,4939,889,22444,26,0,1
54,888073,51,-6,18141,12114,22244,7665,4939,889,22444,26,0,1
54,888073,51,-49,18141,12114,22244,7665,4939,889,22444,26,0,1
54,888073,51,-5,18141,12114,22244,7665,4939,889,22444,26,0,1
54,888073,51,171,18141,12114,22244,7665,4939,889,22444,26,0,1
54,1089666,51,795,280066,105334,7010,36493,62651,26295,47133,51,0,1
54,1089666,51,972,280066,105334,7010,36493,62651,26295,47133,51,0,1
54,1089666,51,571,280066,105334,7010,36493,62651,26295,47133,51,0,1
54,1089666,51,225,280066,105334,7010,36493,62651,26295,47133,51,0,1
54,1089666,51,123,280066,105334,7010,36493,62651,26295,47133,51,0,1
54,1089666,51,-35,280066,105334,7010,36493,62651,26295,47133,51,0,1
54,1089666,51,-26,280066,105334,7010,36493,62651,26295,47133,51,0,1
54,1089666,51,-59,280066,105334,7010,36493,62651,26295,47133,51,0,1
54,1089666,51,-37,280066,105334,7010,36493,62651,26295,47133,51,0,1
54,1089666,51,-1505,280066,105334,7010,36493,62651,26295,47133,51,0,1
54,1447749,51,625,25041,33559,79375,164137,172538,37241,17897,51,0,1
54,1447749,51,535,25041,33559,79375,164137,172538,37241,17897,51,0,1
54,1447749,51,107,25041,33559,79375,164137,172538,37241,17897,51,0,1
54,1447749,51,80,25041,33559,79375,164137,172538,37241,17897,51,0,1
54,1447749,51,60,25041,33559,79375,164137,172538,37241,17897,51,0,1
54,1447749,51,96,25041,33559,79375,164137,172538,37241,17897,51,0,1
54,1447749,51,11,25041,33559,79375,164137,172538,37241,17897,51,0,1
54,1447749,51,-246,25041,33559,79375,164137,172538,37241,17897,51,0,1
54,1447749,51,52,25041,33559,79375,164137,172538,37241,17897,51,0,1
54,1447749,51,470,25041,33559,79375,164137,172538,37241,17897,51,0,1
56,493020,64,461,297318,20901,22455,42948,29196,3591,23118,0,0,1
56,493020,64,331,297318,20901,22455,42948,29196,3591,23118,0,0,1
56,493020,64,789,297318,20901,22455,42948,29196,3591,23118,0,0,1
56,493020,64,-226,297318,20901,22455,42948,29196,3591,23118,0,0,1
56,493020,64,74,297318,20901,22455,42948,29196,3591,23118,0,0,1
56,493020,64,265,297318,20901,22455,42948,29196,3591,23118,0,0,1
56,493020,64,492,297318,20901,22455,42948,29196,3591,23118,0,0,1
56,493020,64,-1550,297318,20901,22455,42948,29196,3591,23118,0,0,1
56,493020,64,1078,297318,20901,22455,42948,29196,3591,23118,0,0,1
56,493020,64,998,297318,20901,22455,42948,29196,3591,23118,0,0,1
56,1399585,64,369,43706,7804,14098,24293,23670,3660,18622,51,0,1
56,1399585,64,67,43706,7804,14098,24293,23670,3660,18622,51,0,1
56,1399585,64,-82,43706,7804,14098,24293,23670,3660,18622,51,0,1
56,1399585,64,-83,43706,7804,14098,24293,23670,3660,18622,51,0,1
56,1399585,64,11,43706,7804,14098,24293,23670,3660,18622,51,0,1
56,1399585,64,85,43706,7804,14098,24293,23670,3660,18622,51,0,1
56,1399585,64,64,43706,7804,14098,24293,23670,3660,18622,51,0,1
56,1399585,64,-965,43706,7804,14098,24293,23670,3660,18622,51,0,1
56,1399585,64,-65,43706,7804,14098,24293,23670,3660,18622,51,0,1
53,1631076,64,273,50871,18494,27899,40080,19563,3043,14085,0,0,1
53,1631076,64,153,50871,18494,27899,40080,19563,3043,14085,0,0,1
53,1631076,64,80,50871,18494,27899,40080,19563,3043,14085,0,0,1
53,1631076,64,-7,50871,18494,27899,40080,19563,3043,14085,0,0,1
53,1631076,64,-35,50871,18494,27899,40080,19563,3043,14085,0,0,1
53,1631076,64,-1,50871,18494,27899,40080,19563,3043,14085,0,0,1
53,1631076,64,198,50871,18494,27899,40080,19563,3043,14085,0,0,1
53,1631076,64,704,50871,18494,27899,40080,19563,3043,14085,0,0,1
53,1631076,64,743,50871,18494,27899,40080,19563,3043,14085,0,0,1
53,1631076,64,418,50871,18494,27899,40080,19563,3043,14085,0,0,1
50,1711179,87,256,203794,63876,60440,45094,23201,8329,96852,0,0,1
50,1711179,87,136,203794,63876,60440,45094,23201,8329,96852,0,0,1
50,1711179,87,-44,203794,63876,60440,45094,23201,8329,96852,0,0,1
50,1711179,87,-9,203794,63876,60440,45094,23201,8329,96852,0,0,1
50,1711179,87,86,203794,63876,60440,45094,23201,8329,96852,0,0,1
50,1711179,87,594,203794,63876,60440,45094,23201,8329,96852,0,0,1
50,1711179,87,448,203794,63876,60440,45094,23201,8329,96852,0,0,1
50,1711179,87,300,203794,63876,60440,45094,23201,8329,96852,0,0,1
50,1711179,87,156,203794,63876,60440,45094,23201,8329,96852,0,0,1
50,1711179,87,50,203794,63876,60440,45094,23201,8329,96852,0,0,1
69,703175,63,10,578552,24136,71715,146623,103150,3187,104451,0,0,1
69,703175,63,59,578552,24136,71715,146623,103150,3187,104451,0,0,1
69,703175,63,146,578552,24136,71715,146623,103150,3187,104451,0,0,1
69,703175,63,-1352,578552,24136,71715,146623,103150,3187,104451,0,0,1
69,703175,63,-301,578552,24136,71715,146623,103150,3187,104451,0,0,1
69,703175,63,432,578552,24136,71715,146623,103150,3187,104451,0,0,1
69,703175,63,149,578552,24136,71715,146623,103150,3187,104451,0,0,1
69,703175,63,170,578552,24136,71715,146623,103150,3187,104451,0,0,1
69,703175,63,69,578552,24136,71715,146623,103150,3187,104451,0,0,1
69,703175,63,82,578552,24136,71715,146623,103150,3187,104451,0,0,1
77,349968,80,54,106646,12895,40300,26549,26892,3778,75903,0,0,1
77,349968,80,241,106646,12895,40300,26549,26892,3778,75903,0,0,1
77,349968,80,1179,106646,12895,40300,26549,26892,3778,75903,0,0,1
77,349968,80,583,106646,12895,40300,26549,26892,3778,75903,0,0,1
77,349968,80,532,106646,12895,40300,26549,26892,3778,75903,0,0,1
77,349968,80,181,106646,12895,40300,26549,26892,3778,75903,0,0,1
77,349968,80,17,106646,12895,40300,26549,26892,3778,75903,0,0,1
77,349968,80,36,106646,12895,40300,26549,26892,3778,75903,0,0,1
77,349968,80,51,106646,12895,40300,26549,26892,3778,75903,0,0,1
77,349968,80,-35,106646,12895,40300,26549,26892,3778,75903,0,0,1
69,1037851,67,-858,326990,49030,19465,17782,43843,7061,94439,0,0,1
69,1037851,67,60,326990,49030,19465,17782,43843,7061,94439,0,0,1
69,1037851,67,329,326990,49030,19465,17782,43843,7061,94439,0,0,1
69,1037851,67,180,326990,49030,19465,17782,43843,7061,94439,0,0,1
69,1037851,67,72,326990,49030,19465,17782,43843,7061,94439,0,0,1
69,1037851,67,5,326990,49030,19465,17782,43843,7061,94439,0,0,1
69,1037851,67,-11,326990,49030,19465,17782,43843,7061,94439,0,0,1
69,1037851,67,-52,326990,49030,19465,17782,43843,7061,94439,0,0,1
69,1037851,67,60,326990,49030,19465,17782,43843,7061,94439,0,0,1
69,1037851,67,-376,326990,49030,19465,17782,43843,7061,94439,0,0,1
81,297161,57,-105,157668,9823,59763,80623,48119,7088,100592,0,0,1
81,297161,57,147,157668,9823,59763,80623,48119,7088,100592,0,0,1
81,297161,57,72,157668,9823,59763,80623,48119,7088,100592,0,0,1
81,297161,57,152,157668,9823,59763,80623,48119,7088,100592,0,0,1
81,297161,57,-19,157668,9823,59763,80623,48119,7088,100592,0,0,1
81,297161,57,53,157668,9823,59763,80623,48119,7088,100592,0,0,1
81,297161,57,-21,157668,9823,59763,80623,48119,7088,100592,0,0,1
81,297161,57,6,157668,9823,59763,80623,48119,7088,100592,0,0,1
81,297161,57,-1589,157668,9823,59763,80623,48119,7088,100592,0,0,1
81,297161,57,-369,157668,9823,59763,80623,48119,7088,100592,0,0,1
88,338801,87,474,11191,10425,14547,11746,10246,230,25051,0,0,1
88,338801,87,211,11191,10425,14547,11746,10246,230,25051,0,0,1
88,338801,87,26,11191,10425,14547,11746,10246,230,25051,0,0,1
88,338801,87,55,11191,10425,14547,11746,10246,230,25051,0,0,1
88,338801,87,133,11191,10425,14547,11746,10246,230,25051,0,0,1
88,338801,87,70,11191,10425,14547,11746,10246,230,25051,0,0,1
88,338801,87,77,11191,10425,14547,11746,10246,230,25051,0,0,1
88,338801,87,-1410,11191,10425,14547,11746,10246,230,25051,0,0,1
88,338801,87,932,11191,10425,14547,11746,10246,230,25051,0,0,1
88,338801,87,960,11191,10425,14547,11746,10246,230,25051,0,0,1
88,799438,87,164,130107,5647,27883,20066,28371,3501,19163,26,0,1
88,799438,87,-55,130107,5647,27883,20066,28371,3501,19163,26,0,1
88,799438,87,-69,130107,5647,27883,20066,28371,3501,19163,26,0,1
88,799438,87,107,130107,5647,27883,20066,28371,3501,19163,26,0,1
88,799438,87,118,130107,5647,27883,20066,28371,3501,19163,26,0,1
88,799438,87,-2048,130107,5647,27883,20066,28371,3501,19163,26,0,1
88,799438,87,69,130107,5647,27883,20066,28371,3501,19163,26,0,1
88,799438,87,610,130107,5647,27883,20066,28371,3501,19163,26,0,1
88,799438,87,148,130107,5647,27883,20066,28371,3501,19163,26,0,1
88,799438,87,-21,130107,5647,27883,20066,28371,3501,19163,26,0,1
97,979756,81,-12,23441,782,16771,27160,19098,1316,15065,0,0,1
97,979756,81,10,23441,782,16771,27160,19098,1316,15065,0,0,1
97,979756,81,42,23441,782,16771,27160,19098,1316,15065,0,0,1
97,979756,81,534,23441,782,16771,27160,19098,1316,15065,0,0,1
97,979756,81,-281,23441,782,16771,27160,19098,1316,15065,0,0,1
97,979756,81,1060,23441,782,16771,27160,19098,1316,15065,0,0,1
97,979756,81,502,23441,782,16771,27160,19098,1316,15065,0,0,1
97,979756,81,113,23441,782,16771,27160,19098,1316,15065,0,0,1
97,979756,81,37,23441,782,16771,27160,19098,1316,15065,0,0,1
97,979756,81,-13,23441,782,16771,27160,19098,1316,15065,0,0,1
100,2671351,66,66,127312,8544,13530,75603,66206,7715,71497,0,0,1
100,2671351,66,-1020,127312,8544,13530,75603,66206,7715,71497,0,0,1
100,2671351,66,263,127312,8544,13530,75603,66206,7715,71497,0,0,1
100,2671351,66,1020,127312,8544,13530,75603,66206,7715,71497,0,0,1
100,2671351,66,363,127312,8544,13530,75603,66206,7715,71497,0,0,1
100,2671351,66,132,127312,8544,13530,75603,66206,7715,71497,0,0,1
100,2671351,66,52,127312,8544,13530,75603,66206,7715,71497,0,0,1
100,2671351,66,51,127312,8544,13530,75603,66206,7715,71497,0,0,1
100,2671351,66,-40,127312,8544,13530,75603,66206,7715,71497,0,0,1
100,2671351,66,-2048,127312,8544,13530,75603,66206,7715,71497,0,0,1
100,874938,66,-940,11814,1498,39083,41809,32241,2912,28522,51,0,1
100,874938,66,930,11814,1498,39083,41809,32241,2912,28522,51,0,1
100,874938,66,384,11814,1498,39083,41809,32241,2912,28522,51,0,1
100,874938,66,91,11814,1498,39083,41809,32241,2912,28522,51,0,1
100,874938,66,3,11814,1498,39083,41809,32241,2912,28522,51,0,1
100,874938,66,23,11814,1498,39083,41809,32241,2912,28522,51,0,1
100,874938,66,-37,11814,1498,39083,41809,32241,2912,28522,51,0,1
100,874938,66,99,11814,1498,39083,41809,32241,2912,28522,51,0,1
100,874938,66,-1782,11814,1498,39083,41809,32241,2912,28522,51,0,1
100,874938,66,-170,11814,1498,39083,41809,32241,2912,28522,51,0,1
100,1795292,66,1195,311063,143698,226099,75699,66509,10970,63941,51,0,1
100,1795292,66,437,311063,143698,226099,75699,66509,10970,63941,51,0,1
100,1795292,66,34,311063,143698,226099,75699,66509,10970,63941,51,0,1
100,1795292,66,-115,311063,143698,226099,75699,66509,10970,63941,51,0,1
100,1795292,66,-44,311063,143698,226099,75699,66509,10970,63941,51,0,1
100,1795292,66,-22,311063,143698,226099,75699,66509,10970,63941,51,0,1
100,1795292,66,274,311063,143698,226099,75699,66509,10970,63941,51,0,1
100,1795292,66,997,311063,143698,226099,75699,66509,10970,63941,51,0,1
100,1795292,66,568,311063,143698,226099,75699,66509,10970,63941,51,0,1
100,2333207,66,1179,100105,115013,184488,106461,141922,16866,64877,51,0,1
100,2333207,66,-29,100105,115013,184488,106461,141922,16866,64877,51,0,1
100,2333207,66,211,100105,115013,184488,106461,141922,16866,64877,51,0,1
100,2333207,66,162,100105,115013,184488,106461,141922,16866,64877,51,0,1
100,2333207,66,96,100105,115013,184488,106461,141922,16866,64877,51,0,1
100,2333207,66,49,100105,115013,184488,106461,141922,16866,64877,51,0,1
100,2333207,66,22,100105,115013,184488,106461,141922,16866,64877,51,0,1
100,2333207,66,-1789,100105,115013,184488,106461,141922,16866,64877,51,0,1
100,2333207,66,-235,100105,115013,184488,106461,141922,16866,64877,51,0,1
100,2333207,66,-1628,100105,115013,184488,106461,141922,16866,64877,51,0,1
100,576258,66,1685,88298,38781,10563,27173,7666,4619,3301,51,0,1
100,576258,66,955,88298,38781,10563,27173,7666,4619,3301,51,0,1
100,576258,66,295,88298,38781,10563,27173,7666,4619,3301,51,0,1
100,576258,66,107,88298,38781,10563,27173,7666,4619,3301,51,0,1
100,576258,66,-10,88298,38781,10563,27173,7666,4619,3301,51,0,1
100,576258,66,-2048,88298,38781,10563,27173,7666,4619,3301,51,0,1
100,576258,66,2047,88298,38781,10563,27173,7666,4619,3301,51,0,1
100,576258,66,1047,88298,38781,10563,27173,7666,4619,3301,51,0,1
100,576258,66,593,88298,38781,10563,27173,7666,4619,3301,51,0,1
100,576258,66,122,88298,38781,10563,27173,7666,4619,3301,51,0,1
100,1999175,66,-11,83030,43344,15176,22364,11419,2274,2516,51,0,1
100,1999175,66,4,83030,43344,15176,22364,11419,2274,2516,51,0,1
100,1999175,66,-29,83030,43344,15176,22364,11419,2274,2516,51,0,1
100,1999175,66,12,83030,43344,15176,22364,11419,2274,2516,51,0,1
100,1999175,66,-1946,83030,43344,15176,22364,11419,2274,2516,51,0,1
100,1999175,66,-1225,83030,43344,15176,22364,11419,2274,2516,51,0,1
100,1999175,66,-198,83030,43344,15176,22364,11419,2274,2516,51,0,1
100,1999175,66,520,83030,43344,15176,22364,11419,2274,2516,51,0,1
100,1999175,66,513,83030,43344,15176,22364,11419,2274,2516,51,0,1
100,1999175,66,225,83030,43344,15176,22364,11419,2274,2516,51,0,1
100,2455505,63,2,855114,155430,105632,290388,261652,50337,173946,0,0,1
100,2455505,63,1,855114,155430,105632,290388,261652,50337,173946,0,0,1
100,2455505,63,-20,855114,155430,105632,290388,261652,50337,173946,0,0,1
100,2455505,63,-1937,855114,155430,105632,290388,261652,50337,173946,0,0,1
100,2455505,63,-257,855114,155430,105632,290388,261652,50337,173946,0,0,1
100,2455505,63,549,855114,155430,105632,290388,261652,50337,173946,0,0,1
100,2455505,63,169,855114,155430,105632,290388,261652,50337,173946,0,0,1
100,2455505,63,70,855114,155430,105632,290388,261652,50337,173946,0,0,1
100,2455505,63,1,855114,155430,105632,290388,261652,50337,173946,0,0,1
100,2455505,63,49,855114,155430,105632,290388,261652,50337,173946,0,0,1
100,827794,60,-42,155786,68115,72899,61168,36253,7968,93188,0,0,1
100,827794,60,-694,155786,68115,72899,61168,36253,7968,93188,0,0,1
100,827794,60,1859,155786,68115,72899,61168,36253,7968,93188,0,0,1
100,827794,60,490,155786,68115,72899,61168,36253,7968,93188,0,0,1
100,827794,60,960,155786,68115,72899,61168,36253,7968,93188,0,0,1
100,827794,60,432,155786,68115,72899,61168,36253,7968,93188,0,0,1
100,827794,60,120,155786,68115,72899,61168,36253,7968,93188,0,0,1
100,827794,60,-65,155786,68115,72899,61168,36253,7968,93188,0,0,1
100,827794,60,-45,155786,68115,72899,61168,36253,7968,93188,0,0,1
100,827794,60,-577,155786,68115,72899,61168,36253,7968,93188,0,0,1
100,618393,60,359,52655,40203,27544,56397,23818,5628,20196,51,0,1
100,618393,60,547,52655,40203,27544,56397,23818,5628,20196,51,0,1
100,618393,60,536,52655,40203,27544,56397,23818,5628,20196,51,0,1
100,618393,60,168,52655,40203,27544,56397,23818,5628,20196,51,0,1
100,618393,60,77,52655,40203,27544,56397,23818,5628,20196,51,0,1
100,618393,60,17,52655,40203,27544,56397,23818,5628,20196,51,0,1
100,618393,60,7,52655,40203,27544,56397,23818,5628,20196,51,0,1
100,618393,60,138,52655,40203,27544,56397,23818,5628,20196,51,0,1
100,618393,60,434,52655,40203,27544,56397,23818,5628,20196,51,0,1
100,618393,60,208,52655,40203,27544,56397,23818,5628,20196,51,0,1
100,586471,60,393,39715,25194,59925,79995,33557,30584,31191,26,0,1
100,586471,60,100,39715,25194,59925,79995,33557,30584,31191,26,0,1
100,586471,60,77,39715,25194,59925,79995,33557,30584,31191,26,0,1
100,586471,60,9,39715,25194,59925,79995,33557,30584,31191,26,0,1
100,586471,60,65,39715,25194,59925,79995,33557,30584,31191,26,0,1
100,586471,60,74,39715,25194,59925,79995,33557,30584,31191,26,0,1
100,586471,60,189,39715,25194,59925,79995,33557,30584,31191,26,0,1
100,586471,60,-54,39715,25194,59925,79995,33557,30584,31191,26,0,1
100,586471,60,232,39715,25194,59925,79995,33557,30584,31191,26,0,1
100,586471,60,178,39715,25194,59925,79995,33557,30584,31191,26,0,1
91,1193171,54,49,184858,23952,21176,40603,31290,5285,74547,0,0,1
91,1193171,54,-13,184858,23952,21176,40603,31290,5285,74547,0,0,1
91,1193171,54,-9,184858,23952,21176,40603,31290,5285,74547,0,0,1
91,1193171,54,57,184858,23952,21176,40603,31290,5285,74547,0,0,1
91,1193171,54,54,184858,23952,21176,40603,31290,5285,74547,0,0,1
91,1193171,54,104,184858,23952,21176,40603,31290,5285,74547,0,0,1
91,1193171,54,-458,184858,23952,21176,40603,31290,5285,74547,0,0,1
91,1193171,54,1013,184858,23952,21176,40603,31290,5285,74547,0,0,1
91,1193171,54,421,184858,23952,21176,40603,31290,5285,74547,0,0,1
91,1193171,54,561,184858,23952,21176,40603,31290,5285,74547,0,0,1
93,1046325,80,228,385067,108177,145314,49146,303178,19920,290144,0,0,1
93,1046325,80,19,385067,108177,145314,49146,303178,19920,290144,0,0,1
93,1046325,80,-134,385067,108177,145314,49146,303178,19920,290144,0,0,1
93,1046325,80,-14,385067,108177,145314,49146,303178,19920,290144,0,0,1
93,1046325,80,116,385067,108177,145314,49146,303178,19920,290144,0,0,1
93,1046325,80,152,385067,108177,145314,49146,303178,19920,290144,0,0,1
93,1046325,80,-746,385067,108177,145314,49146,303178,19920,290144,0,0,1
93,1046325,80,-621,385067,108177,145314,49146,303178,19920,290144,0,0,1
93,1046325,80,437,385067,108177,145314,49146,303178,19920,290144,0,0,1
87,402352,88,360,49553,10727,14917,8220,9871,971,21482,0,0,1
87,402352,88,43,49553,10727,14917,8220,9871,971,21482,0,0,1
87,402352,88,-7,49553,10727,14917,8220,9871,971,21482,0,0,1
87,402352,88,11,49553,10727,14917,8220,9871,971,21482,0,0,1
87,402352,88,-19,49553,10727,14917,8220,9871,971,21482,0,0,1
87,402352,88,137,49553,10727,14917,8220,9871,971,21482,0,0,1
87,402352,88,-38,49553,10727,14917,8220,9871,971,21482,0,0,1
87,402352,88,409,49553,10727,14917,8220,9871,971,21482,0,0,1
87,402352,88,260,49553,10727,14917,8220,9871,971,21482,0,0,1
87,402352,88,50,49553,10727,14917,8220,9871,971,21482,0,0,1
97,1013511,80,-1,29963,5853,22768,37197,20845,729,21044,0,0,1
97,1013511,80,87,29963,5853,22768,37197,20845,729,21044,0,0,1
97,1013511,80,77,29963,5853,22768,37197,20845,729,21044,0,0,1
97,1013511,80,82,29963,5853,22768,37197,20845,729,21044,0,0,1
97,1013511,80,122,29963,5853,22768,37197,20845,729,21044,0,0,1
97,1013511,80,490,29963,5853,22768,37197,20845,729,21044,0,0,1
97,1013511,80,614,29963,5853,22768,37197,20845,729,21044,0,0,1
97,1013511,80,283,29963,5853,22768,37197,20845,729,21044,0,0,1
97,1013511,80,123,29963,5853,22768,37197,20845,729,21044,0,0,1
97,1013511,80,88,29963,5853,22768,37197,20845,729,21044,0,0,1
100,2045081,74,-28,808203,30766,142581,313494,333680,28230,191324,0,0,1
100,2045081,74,37,808203,30766,142581,313494,333680,28230,191324,0,0,1
100,2045081,74,220,808203,30766,142581,313494,333680,28230,191324,0,0,1
100,2045081,74,-278,808203,30766,142581,313494,333680,28230,191324,0,0,1
100,2045081,74,-1753,808203,30766,142581,313494,333680,28230,191324,0,0,1
100,2045081,74,1609,808203,30766,142581,313494,333680,28230,191324,0,0,1
100,2045081,74,579,808203,30766,142581,313494,333680,28230,191324,0,0,1
100,2045081,74,180,808203,30766,142581,313494,333680,28230,191324,0,0,1
100,2045081,74,41,808203,30766,142581,313494,333680,28230,191324,0,0,1
100,2045081,74,-58,808203,30766,142581,313494,333680,28230,191324,0,0,1
100,824587,74,-45,33882,1790,18838,27196,8970,657,14612,26,0,1
100,824587,74,-404,33882,1790,18838,27196,8970,657,14612,26,0,1
100,824587,74,466,33882,1790,18838,27196,8970,657,14612,26,0,1
100,824587,74,569,33882,1790,18838,27196,8970,657,14612,26,0,1
100,824587,74,241,33882,1790,18838,27196,8970,657,14612,26,0,1
100,824587,74,25,33882,1790,18838,27196,8970,657,14612,26,0,1
100,824587,74,-34,33882,1790,18838,27196,8970,657,14612,26,0,1
100,824587,74,10,33882,1790,18838,27196,8970,657,14612,26,0,1
100,824587,74,69,33882,1790,18838,27196,8970,657,14612,26,0,1
100,824587,74,-322,33882,1790,18838,27196,8970,657,14612,26,0,1
91,839431,61,-660,1704111,149858,223078,268485,210971,14986,202766,0,0,1
91,839431,61,283,1704111,149858,223078,268485,210971,14986,202766,0,0,1
91,839431,61,138,1704111,149858,223078,268485,210971,14986,202766,0,0,1
91,839431,61,109,1704111,149858,223078,268485,210971,14986,202766,0,0,1
91,839431,61,34,1704111,149858,223078,268485,210971,14986,202766,0,0,1
91,839431,61,-23,1704111,149858,223078,268485,210971,14986,202766,0,0,1
91,839431,61,-42,1704111,149858,223078,268485,210971,14986,202766,0,0,1
91,839431,61,210,1704111,149858,223078,268485,210971,14986,202766,0,0,1
91,839431,61,993,1704111,149858,223078,268485,210971,14986,202766,0,0,1
91,839431,61,842,1704111,149858,223078,268485,210971,14986,202766,0,0,1
91,938222,38,761,426310,16779,31095,23798,65049,24633,74555,0,0,1
91,938222,38,273,426310,16779,31095,23798,65049,24633,74555,0,0,1
91,938222,38,117,426310,16779,31095,23798,65049,24633,74555,0,0,1
91,938222,38,100,426310,16779,31095,23798,65049,24633,74555,0,0,1
91,938222,38,89,426310,16779,31095,23798,65049,24633,74555,0,0,1
91,938222,38,-10,426310,16779,31095,23798,65049,24633,74555,0,0,1
91,938222,38,-1068,426310,16779,31095,23798,65049,24633,74555,0,0,1
91,938222,38,-683,426310,16779,31095,23798,65049,24633,74555,0,0,1
91,938222,38,642,426310,16779,31095,23798,65049,24633,74555,0,0,1
91,938222,38,466,426310,16779,31095,23798,65049,24633,74555,0,0,1
91,718576,38,122,21482,2914,9764,3578,4993,933,2878,26,0,1
91,718576,38,27,21482,2914,9764,3578,4993,933,2878,26,0,1
91,718576,38,44,21482,2914,9764,3578,4993,933,2878,26,0,1
91,718576,38,19,21482,2914,9764,3578,4993,933,2878,26,0,1
91,718576,38,123,21482,2914,9764,3578,4993,933,2878,26,0,1
91,718576,38,295,21482,2914,9764,3578,4993,933,2878,26,0,1
91,718576,38,-56,21482,2914,9764,3578,4993,933,2878,26,0,1
91,718576,38,192,21482,2914,9764,3578,4993,933,2878,26,0,1
91,718576,38,96,21482,2914,9764,3578,4993,933,2878,26,0,1
91,718576,38,184,21482,2914,9764,3578,4993,933,2878,26,0,1
88,621003,48,-51,35479,30064,13149,16588,18981,3279,100036,0,0,1
88,621003,48,-20,35479,30064,13149,16588,18981,3279,100036,0,0,1
88,621003,48,9,35479,30064,13149,16588,18981,3279,100036,0,0,1
88,621003,48,-905,35479,30064,13149,16588,18981,3279,100036,0,0,1
88,621003,48,-477,35479,30064,13149,16588,18981,3279,100036,0,0,1
88,621003,48,247,35479,30064,13149,16588,18981,3279,100036,0,0,1
88,621003,48,204,35479,30064,13149,16588,18981,3279,100036,0,0,1
88,621003,48,90,35479,30064,13149,16588,18981,3279,100036,0,0,1
88,621003,48,-74,35479,30064,13149,16588,18981,3279,100036,0,0,1
88,621003,48,-54,35479,30064,13149,16588,18981,3279,100036,0,0,1
93,786466,70,-85,31140,33318,100110,124236,108361,7880,81021,0,0,1
93,786466,70,-145,31140,33318,100110,124236,108361,7880,81021,0,0,1
93,786466,70,-1757,31140,33318,100110,124236,108361,7880,81021,0,0,1
93,786466,70,73,31140,33318,100110,124236,108361,7880,81021,0,0,1
93,786466,70,154,31140,33318,100110,124236,108361,7880,81021,0,0,1
