0,868939,0,-609,118594,11846,40250,56093,83546,49737,66868,51,0
0,868939,0,-121,118594,11846,40250,56093,83546,49737,66868,51,0
0,558253,0,731,51804,1824,3081,2556,3603,618,15195,51,0
0,558253,0,-1426,51804,1824,3081,2556,3603,618,15195,51,0
0,558253,0,1652,51804,1824,3081,2556,3603,618,15195,51,0
0,558253,0,631,51804,1824,3081,2556,3603,618,15195,51,0
0,558253,0,-187,51804,1824,3081,2556,3603,618,15195,51,0
0,558253,0,-535,51804,1824,3081,2556,3603,618,15195,51,0
0,558253,0,362,51804,1824,3081,2556,3603,618,15195,51,0
0,558253,0,-417,51804,1824,3081,2556,3603,618,15195,51,0
0,558253,0,-515,51804,1824,3081,2556,3603,618,15195,51,0
0,558253,0,1667,51804,1824,3081,2556,3603,618,15195,51,0
0,513269,0,17,33514,4583,12929,9001,8892,1404,24946,51,0
0,513269,0,-1068,33514,4583,12929,9001,8892,1404,24946,51,0
0,513269,0,-405,33514,4583,12929,9001,8892,1404,24946,51,0
0,513269,0,707,33514,4583,12929,9001,8892,1404,24946,51,0
0,513269,0,658,33514,4583,12929,9001,8892,1404,24946,51,0
0,513269,0,-988,33514,4583,12929,9001,8892,1404,24946,51,0
0,513269,0,1299,33514,4583,12929,9001,8892,1404,24946,51,0
0,513269,0,-72,33514,4583,12929,9001,8892,1404,24946,51,0
0,513269,0,-818,33514,4583,12929,9001,8892,1404,24946,51,0
0,513269,0,-338,33514,4583,12929,9001,8892,1404,24946,51,0
0,485235,0,297,76859,20034,11202,9434,13884,854,42253,26,0
0,485235,0,1257,76859,20034,11202,9434,13884,854,42253,26,0
0,485235,0,-1811,76859,20034,11202,9434,13884,854,42253,26,0
0,485235,0,758,76859,20034,11202,9434,13884,854,42253,26,0
0,485235,0,835,76859,20034,11202,9434,13884,854,42253,26,0
0,485235,0,-829,76859,20034,11202,9434,13884,854,42253,26,0
0,485235,0,-293,76859,20034,11202,9434,13884,854,42253,26,0
0,485235,0,481,76859,20034,11202,9434,13884,854,42253,26,0
0,485235,0,1460,76859,20034,11202,9434,13884,854,42253,26,0
0,485235,0,-2048,76859,20034,11202,9434,13884,854,42253,26,0
0,591009,0,853,46972,51716,13750,19483,13187,1577,125066,51,0
0,591009,0,1441,46972,51716,13750,19483,13187,1577,125066,51,0
0,591009,0,-467,46972,51716,13750,19483,13187,1577,125066,51,0
0,591009,0,-868,46972,51716,13750,19483,13187,1577,125066,51,0
0,591009,0,-537,46972,51716,13750,19483,13187,1577,125066,51,0
0,591009,0,1629,46972,51716,13750,19483,13187,1577,125066,51,0
0,591009,0,82,46972,51716,13750,19483,13187,1577,125066,51,0
0,591009,0,-350,46972,51716,13750,19483,13187,1577,125066,51,0
0,591009,0,644,46972,51716,13750,19483,13187,1577,125066,51,0
0,591009,0,545,46972,51716,13750,19483,13187,1577,125066,51,0
0,742711,0,-695,43813,16733,22107,7438,5397,1222,29356,26,0
0,742711,0,-641,43813,16733,22107,7438,5397,1222,29356,26,0
0,742711,0,-754,43813,16733,22107,7438,5397,1222,29356,26,0
0,742711,0,-76,43813,16733,22107,7438,5397,1222,29356,26,0
0,742711,0,25,43813,16733,22107,7438,5397,1222,29356,26,0
0,742711,0,-1545,43813,16733,22107,7438,5397,1222,29356,26,0
0,742711,0,2047,43813,16733,22107,7438,5397,1222,29356,26,0
0,742711,0,509,43813,16733,22107,7438,5397,1222,29356,26,0
0,742711,0,134,43813,16733,22107,7438,5397,1222,29356,26,0
0,1897759,0,170,552735,19406,29876,29931,42793,3949,14327,51,0
0,1897759,0,73,552735,19406,29876,29931,42793,3949,14327,51,0
0,1897759,0,-209,552735,19406,29876,29931,42793,3949,14327,51,0
0,1897759,0,86,552735,19406,29876,29931,42793,3949,14327,51,0
0,1897759,0,140,552735,19406,29876,29931,42793,3949,14327,51,0
0,1897759,0,34,552735,19406,29876,29931,42793,3949,14327,51,0
0,1897759,0,-978,552735,19406,29876,29931,42793,3949,14327,51,0
0,1897759,0,-258,552735,19406,29876,29931,42793,3949,14327,51,0
0,1897759,0,1036,552735,19406,29876,29931,42793,3949,14327,51,0
0,1897759,0,1042,552735,19406,29876,29931,42793,3949,14327,51,0
0,2050360,0,-265,160603,23670,98780,114382,67868,2704,123678,26,0
0,2050360,0,-69,160603,23670,98780,114382,67868,2704,123678,26,0
0,2050360,0,725,160603,23670,98780,114382,67868,2704,123678,26,0
0,2050360,0,54,160603,23670,98780,114382,67868,2704,123678,26,0
0,2050360,0,-838,160603,23670,98780,114382,67868,2704,123678,26,0
0,2050360,0,-524,160603,23670,98780,114382,67868,2704,123678,26,0
0,2050360,0,-27,160603,23670,98780,114382,67868,2704,123678,26,0
0,2050360,0,1137,160603,23670,98780,114382,67868,2704,123678,26,0
0,2050360,0,577,160603,23670,98780,114382,67868,2704,123678,26,0
0,2050360,0,-1106,160603,23670,98780,114382,67868,2704,123678,26,0
0,586028,0,440,16459,4034,4065,3911,2786,505,23672,51,0
0,586028,0,1665,16459,4034,4065,3911,2786,505,23672,51,0
0,586028,0,304,16459,4034,4065,3911,2786,505,23672,51,0
0,586028,0,-17,16459,4034,4065,3911,2786,505,23672,51,0
0,586028,0,-750,16459,4034,4065,3911,2786,505,23672,51,0
0,586028,0,620,16459,4034,4065,3911,2786,505,23672,51,0
0,586028,0,320,16459,4034,4065,3911,2786,505,23672,51,0
0,586028,0,-855,16459,4034,4065,3911,2786,505,23672,51,0
0,586028,0,-323,16459,4034,4065,3911,2786,505,23672,51,0
0,586028,0,949,16459,4034,4065,3911,2786,505,23672,51,0
0,767601,0,38,33716,5480,12557,28171,19918,1579,42930,51,0
0,767601,0,-722,33716,5480,12557,28171,19918,1579,42930,51,0
0,767601,0,-292,33716,5480,12557,28171,19918,1579,42930,51,0
0,767601,0,84,33716,5480,12557,28171,19918,1579,42930,51,0
0,767601,0,448,33716,5480,12557,28171,19918,1579,42930,51,0
0,767601,0,825,33716,5480,12557,28171,19918,1579,42930,51,0
0,767601,0,-1190,33716,5480,12557,28171,19918,1579,42930,51,0
0,767601,0,-342,33716,5480,12557,28171,19918,1579,42930,51,0
0,767601,0,965,33716,5480,12557,28171,19918,1579,42930,51,0
0,767601,0,677,33716,5480,12557,28171,19918,1579,42930,51,0
0,1022013,0,-638,13582,39965,17924,2375,9704,963,118780,26,0
0,1022013,0,-707,13582,39965,17924,2375,9704,963,118780,26,0
0,1022013,0,-318,13582,39965,17924,2375,9704,963,118780,26,0
0,1022013,0,568,13582,39965,17924,2375,9704,963,118780,26,0
0,1022013,0,1596,13582,39965,17924,2375,9704,963,118780,26,0
0,1022013,0,-1077,13582,39965,17924,2375,9704,963,118780,26,0
0,1022013,0,-274,13582,39965,17924,2375,9704,963,118780,26,0
0,1022013,0,197,13582,39965,17924,2375,9704,963,118780,26,0
0,1022013,0,890,13582,39965,17924,2375,9704,963,118780,26,0
0,1022013,0,-402,13582,39965,17924,2375,9704,963,118780,26,0
0,725105,0,-933,81212,12483,10144,27405,28958,2556,135526,26,0
0,725105,0,-81,81212,12483,10144,27405,28958,2556,135526,26,0
0,725105,0,1281,81212,12483,10144,27405,28958,2556,135526,26,0
0,725105,0,-9,81212,12483,10144,27405,28958,2556,135526,26,0
0,725105,0,-1403,81212,12483,10144,27405,28958,2556,135526,26,0
0,725105,0,-215,81212,12483,10144,27405,28958,2556,135526,26,0
0,725105,0,779,81212,12483,10144,27405,28958,2556,135526,26,0
0,725105,0,1733,81212,12483,10144,27405,28958,2556,135526,26,0
0,725105,0,-364,81212,12483,10144,27405,28958,2556,135526,26,0
0,725105,0,-373,81212,12483,10144,27405,28958,2556,135526,26,0
0,856926,0,-963,32677,6226,39967,6302,3596,749,12020,51,0
0,856926,0,-212,32677,6226,39967,6302,3596,749,12020,51,0
0,856926,0,5,32677,6226,39967,6302,3596,749,12020,51,0
0,856926,0,1845,32677,6226,39967,6302,3596,749,12020,51,0
0,856926,0,324,32677,6226,39967,6302,3596,749,12020,51,0
0,856926,0,87,32677,6226,39967,6302,3596,749,12020,51,0
0,856926,0,52,32677,6226,39967,6302,3596,749,12020,51,0
0,856926,0,44,32677,6226,39967,6302,3596,749,12020,51,0
0,856926,0,43,32677,6226,39967,6302,3596,749,12020,51,0
0,856926,0,43,32677,6226,39967,6302,3596,749,12020,51,0
0,2261661,0,44,78256,25492,39479,33441,25965,5448,3164,51,0
0,2261661,0,-178,78256,25492,39479,33441,25965,5448,3164,51,0
0,2261661,0,107,78256,25492,39479,33441,25965,5448,3164,51,0
0,2261661,0,55,78256,25492,39479,33441,25965,5448,3164,51,0
0,2261661,0,50,78256,25492,39479,33441,25965,5448,3164,51,0
0,2261661,0,49,78256,25492,39479,33441,25965,5448,3164,51,0
0,2261661,0,-98,78256,25492,39479,33441,25965,5448,3164,51,0
0,2261661,0,86,78256,25492,39479,33441,25965,5448,3164,51,0
0,2261661,0,51,78256,25492,39479,33441,25965,5448,3164,51,0
0,2261661,0,-2048,78256,25492,39479,33441,25965,5448,3164,51,0
0,878775,0,2047,429508,38400,33648,163403,216128,41274,18026,25,0
0,878775,0,-1347,429508,38400,33648,163403,216128,41274,18026,25,0
0,878775,0,426,429508,38400,33648,163403,216128,41274,18026,25,0
0,878775,0,1683,429508,38400,33648,163403,216128,41274,18026,25,0
0,878775,0,368,429508,38400,33648,163403,216128,41274,18026,25,0
0,878775,0,22,429508,38400,33648,163403,216128,41274,18026,25,0
0,878775,0,114,429508,38400,33648,163403,216128,41274,18026,25,0
0,878775,0,-1857,429508,38400,33648,163403,216128,41274,18026,25,0
0,878775,0,1348,429508,38400,33648,163403,216128,41274,18026,25,0
0,878775,0,1336,429508,38400,33648,163403,216128,41274,18026,25,0
0,1608749,0,268,246376,217487,75785,40400,29007,6406,17904,51,0
0,1608749,0,-136,246376,217487,75785,40400,29007,6406,17904,51,0
0,1608749,0,-557,246376,217487,75785,40400,29007,6406,17904,51,0
0,1608749,0,656,246376,217487,75785,40400,29007,6406,17904,51,0
0,1608749,0,224,246376,217487,75785,40400,29007,6406,17904,51,0
0,1608749,0,-1144,246376,217487,75785,40400,29007,6406,17904,51,0
0,1608749,0,-280,246376,217487,75785,40400,29007,6406,17904,51,0
0,1608749,0,1924,246376,217487,75785,40400,29007,6406,17904,51,0
0,1608749,0,661,246376,217487,75785,40400,29007,6406,17904,51,0
0,1608749,0,-99,246376,217487,75785,40400,29007,6406,17904,51,0
0,2654689,0,-4,335338,80143,81464,31687,13280,4131,50378,51,0
0,2654689,0,999,335338,80143,81464,31687,13280,4131,50378,51,0
0,2654689,0,-2048,335338,80143,81464,31687,13280,4131,50378,51,0
0,2654689,0,58,335338,80143,81464,31687,13280,4131,50378,51,0
0,2654689,0,2047,335338,80143,81464,31687,13280,4131,50378,51,0
0,2654689,0,614,335338,80143,81464,31687,13280,4131,50378,51,0
0,2654689,0,-170,335338,80143,81464,31687,13280,4131,50378,51,0
0,2654689,0,-381,335338,80143,81464,31687,13280,4131,50378,51,0
0,2654689,0,-269,335338,80143,81464,31687,13280,4131,50378,51,0
0,1216010,0,786,47795,16078,33155,14361,19293,5651,51986,51,0
0,1216010,0,-2048,47795,16078,33155,14361,19293,5651,51986,51,0
0,1216010,0,39,47795,16078,33155,14361,19293,5651,51986,51,0
0,1216010,0,2047,47795,16078,33155,14361,19293,5651,51986,51,0
0,1216010,0,472,47795,16078,33155,14361,19293,5651,51986,51,0
0,1216010,0,-57,47795,16078,33155,14361,19293,5651,51986,51,0
0,1216010,0,-694,47795,16078,33155,14361,19293,5651,51986,51,0
0,1216010,0,-101,47795,16078,33155,14361,19293,5651,51986,51,0
0,1216010,0,745,47795,16078,33155,14361,19293,5651,51986,51,0
0,1216010,0,-2048,47795,16078,33155,14361,19293,5651,51986,51,0
0,1686301,0,487,113478,18659,25245,8696,9660,10468,20228,51,0
0,1686301,0,1763,113478,18659,25245,8696,9660,10468,20228,51,0
0,1686301,0,339,113478,18659,25245,8696,9660,10468,20228,51,0
0,1686301,0,-1470,113478,18659,25245,8696,9660,10468,20228,51,0
0,1686301,0,-545,113478,18659,25245,8696,9660,10468,20228,51,0
0,1686301,0,288,113478,18659,25245,8696,9660,10468,20228,51,0
0,1686301,0,1419,113478,18659,25245,8696,9660,10468,20228,51,0
0,1686301,0,-1004,113478,18659,25245,8696,9660,10468,20228,51,0
0,1686301,0,-676,113478,18659,25245,8696,9660,10468,20228,51,0
0,1686301,0,628,113478,18659,25245,8696,9660,10468,20228,51,0
0,498310,0,627,5063,3390,2625,4740,2710,870,18529,26,0
0,498310,0,-938,5063,3390,2625,4740,2710,870,18529,26,0
0,498310,0,-727,5063,3390,2625,4740,2710,870,18529,26,0
0,498310,0,-90,5063,3390,2625,4740,2710,870,18529,26,0
0,498310,0,1648,5063,3390,2625,4740,2710,870,18529,26,0
0,498310,0,-1977,5063,3390,2625,4740,2710,870,18529,26,0
0,498310,0,-573,5063,3390,2625,4740,2710,870,18529,26,0
0,498310,0,1705,5063,3390,2625,4740,2710,870,18529,26,0
0,498310,0,608,5063,3390,2625,4740,2710,870,18529,26,0
0,498310,0,-723,5063,3390,2625,4740,2710,870,18529,26,0
0,1473101,0,-395,134996,23013,33166,14867,11969,3550,67606,51,0
0,1473101,0,119,134996,23013,33166,14867,11969,3550,67606,51,0
0,1473101,0,1243,134996,23013,33166,14867,11969,3550,67606,51,0
0,1473101,0,-2048,134996,23013,33166,14867,11969,3550,67606,51,0
0,1473101,0,-631,134996,23013,33166,14867,11969,3550,67606,51,0
0,1473101,0,1600,134996,23013,33166,14867,11969,3550,67606,51,0
0,1473101,0,1301,134996,23013,33166,14867,11969,3550,67606,51,0
0,1473101,0,64,134996,23013,33166,14867,11969,3550,67606,51,0
0,1473101,0,-709,134996,23013,33166,14867,11969,3550,67606,51,0
0,1473101,0,50,134996,23013,33166,14867,11969,3550,67606,51,0
0,1536800,0,866,38162,28517,3061,23056,10177,1103,43237,51,0
0,1536800,0,-633,38162,28517,3061,23056,10177,1103,43237,51,0
0,1536800,0,392,38162,28517,3061,23056,10177,1103,43237,51,0
0,1536800,0,1127,38162,28517,3061,23056,10177,1103,43237,51,0
0,1536800,0,902,38162,28517,3061,23056,10177,1103,43237,51,0
0,1536800,0,-109,38162,28517,3061,23056,10177,1103,43237,51,0
0,1536800,0,-708,38162,28517,3061,23056,10177,1103,43237,51,0
0,1536800,0,-130,38162,28517,3061,23056,10177,1103,43237,51,0
0,1536800,0,1402,38162,28517,3061,23056,10177,1103,43237,51,0
0,1536800,0,-2048,38162,28517,3061,23056,10177,1103,43237,51,0
0,737951,0,330,34769,13069,11706,10745,7661,2677,9439,51,0
0,737951,0,1635,34769,13069,11706,10745,7661,2677,9439,51,0
0,737951,0,380,34769,13069,11706,10745,7661,2677,9439,51,0
0,737951,0,-1293,34769,13069,11706,10745,7661,2677,9439,51,0
0,737951,0,-366,34769,13069,11706,10745,7661,2677,9439,51,0
0,737951,0,598,34769,13069,11706,10745,7661,2677,9439,51,0
0,737951,0,1448,34769,13069,11706,10745,7661,2677,9439,51,0
0,737951,0,-1756,34769,13069,11706,10745,7661,2677,9439,51,0
0,737951,0,-381,34769,13069,11706,10745,7661,2677,9439,51,0
0,737951,0,488,34769,13069,11706,10745,7661,2677,9439,51,0
0,3012043,0,261,53647,5180,14758,13798,11695,3153,66698,26,0
0,3012043,0,-662,53647,5180,14758,13798,11695,3153,66698,26,0
0,3012043,0,-365,53647,5180,14758,13798,11695,3153,66698,26,0
0,3012043,0,281,53647,5180,14758,13798,11695,3153,66698,26,0
0,3012043,0,1593,53647,5180,14758,13798,11695,3153,66698,26,0
0,3012043,0,-1224,53647,5180,14758,13798,11695,3153,66698,26,0
0,3012043,0,-637,53647,5180,14758,13798,11695,3153,66698,26,0
0,3012043,0,1834,53647,5180,14758,13798,11695,3153,66698,26,0
0,3012043,0,-66,53647,5180,14758,13798,11695,3153,66698,26,0
0,3012043,0,-761,53647,5180,14758,13798,11695,3153,66698,26,0
0,1379928,0,-126,103730,14805,11091,9681,8763,2071,64297,51,0
0,1379928,0,316,103730,14805,11091,9681,8763,2071,64297,51,0
0,1379928,0,1122,103730,14805,11091,9681,8763,2071,64297,51,0
0,1379928,0,-171,103730,14805,11091,9681,8763,2071,64297,51,0
0,1379928,0,-569,103730,14805,11091,9681,8763,2071,64297,51,0
0,1379928,0,-214,103730,14805,11091,9681,8763,2071,64297,51,0
0,1379928,0,1175,103730,14805,11091,9681,8763,2071,64297,51,0
0,1379928,0,123,103730,14805,11091,9681,8763,2071,64297,51,0
0,1379928,0,-234,103730,14805,11091,9681,8763,2071,64297,51,0
0,1379928,0,-93,103730,14805,11091,9681,8763,2071,64297,51,0
0,1098996,0,713,98968,16702,23553,19733,15746,3495,74616,51,0
0,1098996,0,1156,98968,16702,23553,19733,15746,3495,74616,51,0
0,1098996,0,-2048,98968,16702,23553,19733,15746,3495,74616,51,0
0,1098996,0,-204,98968,16702,23553,19733,15746,3495,74616,51,0
0,1098996,0,1814,98968,16702,23553,19733,15746,3495,74616,51,0
0,1098996,0,920,98968,16702,23553,19733,15746,3495,74616,51,0
0,1098996,0,-712,98968,16702,23553,19733,15746,3495,74616,51,0
0,1098996,0,-243,98968,16702,23553,19733,15746,3495,74616,51,0
0,1098996,0,-429,98968,16702,23553,19733,15746,3495,74616,51,0
0,1098996,0,1194,98968,16702,23553,19733,15746,3495,74616,51,0
0,2954858,0,534,281712,55125,63649,21567,11415,2048,48304,51,0
0,2954858,0,-1058,281712,55125,63649,21567,11415,2048,48304,51,0
0,2954858,0,-589,281712,55125,63649,21567,11415,2048,48304,51,0
0,2954858,0,1348,281712,55125,63649,21567,11415,2048,48304,51,0
0,2954858,0,768,281712,55125,63649,21567,11415,2048,48304,51,0
0,2954858,0,464,281712,55125,63649,21567,11415,2048,48304,51,0
0,2954858,0,265,281712,55125,63649,21567,11415,2048,48304,51,0
0,2954858,0,338,281712,55125,63649,21567,11415,2048,48304,51,0
0,2954858,0,119,281712,55125,63649,21567,11415,2048,48304,51,0
0,2954858,0,-1617,281712,55125,63649,21567,11415,2048,48304,51,0
0,1296185,0,-135,567722,146525,161657,74079,30475,25506,70864,51,0
0,1296185,0,1988,567722,146525,161657,74079,30475,25506,70864,51,0
0,1296185,0,1047,567722,146525,161657,74079,30475,25506,70864,51,0
0,1296185,0,259,567722,146525,161657,74079,30475,25506,70864,51,0
0,1296185,0,22,567722,146525,161657,74079,30475,25506,70864,51,0
0,1296185,0,53,567722,146525,161657,74079,30475,25506,70864,51,0
0,1296185,0,562,567722,146525,161657,74079,30475,25506,70864,51,0
0,1296185,0,-1163,567722,146525,161657,74079,30475,25506,70864,51,0
0,1296185,0,2047,567722,146525,161657,74079,30475,25506,70864,51,0
0,1296185,0,329,567722,146525,161657,74079,30475,25506,70864,51,0
0,763466,0,86,17834,79700,7785,11079,7021,4226,1237,51,0
0,763466,0,51,17834,79700,7785,11079,7021,4226,1237,51,0
0,763466,0,44,17834,79700,7785,11079,7021,4226,1237,51,0
0,763466,0,44,17834,79700,7785,11079,7021,4226,1237,51,0
0,763466,0,44,17834,79700,7785,11079,7021,4226,1237,51,0
0,763466,0,43,17834,79700,7785,11079,7021,4226,1237,51,0
0,763466,0,1188,17834,79700,7785,11079,7021,4226,1237,51,0
0,763466,0,665,17834,79700,7785,11079,7021,4226,1237,51,0
0,763466,0,140,17834,79700,7785,11079,7021,4226,1237,51,0
0,1519846,0,57,721332,164622,239617,40346,165693,96950,47189,25,0
0,1519846,0,49,721332,164622,239617,40346,165693,96950,47189,25,0
0,1519846,0,42,721332,164622,239617,40346,165693,96950,47189,25,0
0,1519846,0,99,721332,164622,239617,40346,165693,96950,47189,25,0
0,1519846,0,55,721332,164622,239617,40346,165693,96950,47189,25,0
0,1519846,0,-275,721332,164622,239617,40346,165693,96950,47189,25,0
0,1519846,0,1348,721332,164622,239617,40346,165693,96950,47189,25,0
0,1519846,0,307,721332,164622,239617,40346,165693,96950,47189,25,0
0,1519846,0,87,721332,164622,239617,40346,165693,96950,47189,25,0
0,1519846,0,-107,721332,164622,239617,40346,165693,96950,47189,25,0
0,902718,0,121,130311,71567,101940,92512,57815,12060,8480,51,0
0,902718,0,74,130311,71567,101940,92512,57815,12060,8480,51,0
0,902718,0,77,130311,71567,101940,92512,57815,12060,8480,51,0
0,902718,0,-1780,130311,71567,101940,92512,57815,12060,8480,51,0
0,902718,0,273,130311,71567,101940,92512,57815,12060,8480,51,0
0,902718,0,1415,130311,71567,101940,92512,57815,12060,8480,51,0
0,902718,0,120,130311,71567,101940,92512,57815,12060,8480,51,0
0,902718,0,106,130311,71567,101940,92512,57815,12060,8480,51,0
0,902718,0,-361,130311,71567,101940,92512,57815,12060,8480,51,0
0,902718,0,-814,130311,71567,101940,92512,57815,12060,8480,51,0
0,1921806,0,1185,140651,134163,19263,87881,130919,14092,182622,51,0
0,1921806,0,822,140651,134163,19263,87881,130919,14092,182622,51,0
0,1921806,0,-1810,140651,134163,19263,87881,130919,14092,182622,51,0
0,1921806,0,-194,140651,134163,19263,87881,130919,14092,182622,51,0
0,1921806,0,-75,140651,134163,19263,87881,130919,14092,182622,51,0
0,1921806,0,24,140651,134163,19263,87881,130919,14092,182622,51,0
0,1921806,0,2047,140651,134163,19263,87881,130919,14092,182622,51,0
0,1921806,0,449,140651,134163,19263,87881,130919,14092,182622,51,0
0,1921806,0,98,140651,134163,19263,87881,130919,14092,182622,51,0
0,1921806,0,-2003,140651,134163,19263,87881,130919,14092,182622,51,0
0,220201,0,-1339,22237,4725,2734,4732,4834,1064,1259,51,0
0,220201,0,211,22237,4725,2734,4732,4834,1064,1259,51,0
0,220201,0,1897,22237,4725,2734,4732,4834,1064,1259,51,0
0,220201,0,631,22237,4725,2734,4732,4834,1064,1259,51,0
0,220201,0,135,22237,4725,2734,4732,4834,1064,1259,51,0
0,220201,0,60,22237,4725,2734,4732,4834,1064,1259,51,0
0,220201,0,13,22237,4725,2734,4732,4834,1064,1259,51,0
0,220201,0,38,22237,4725,2734,4732,4834,1064,1259,51,0
0,220201,0,-2048,22237,4725,2734,4732,4834,1064,1259,51,0
0,220201,0,1210,22237,4725,2734,4732,4834,1064,1259,51,0
0,934525,0,976,642809,88306,134374,70703,97055,49848,40497,51,0
0,934525,0,512,642809,88306,134374,70703,97055,49848,40497,51,0
0,934525,0,117,642809,88306,134374,70703,97055,49848,40497,51,0
0,934525,0,56,642809,88306,134374,70703,97055,49848,40497,51,0
0,934525,0,49,642809,88306,134374,70703,97055,49848,40497,51,0
0,934525,0,44,642809,88306,134374,70703,97055,49848,40497,51,0
0,934525,0,45,642809,88306,134374,70703,97055,49848,40497,51,0
0,934525,0,347,642809,88306,134374,70703,97055,49848,40497,51,0
0,934525,0,976,642809,88306,134374,70703,97055,49848,40497,51,0
0,934525,0,249,642809,88306,134374,70703,97055,49848,40497,51,0
0,1870504,0,74,1775532,428575,264315,78993,66482,29245,82349,51,0
0,1870504,0,-101,1775532,428575,264315,78993,66482,29245,82349,51,0
0,1870504,0,-265,1775532,428575,264315,78993,66482,29245,82349,51,0
0,1870504,0,523,1775532,428575,264315,78993,66482,29245,82349,51,0
0,1870504,0,11,1775532,428575,264315,78993,66482,29245,82349,51,0
0,1870504,0,-967,1775532,428575,264315,78993,66482,29245,82349,51,0
0,1870504,0,869,1775532,428575,264315,78993,66482,29245,82349,51,0
0,1870504,0,690,1775532,428575,264315,78993,66482,29245,82349,51,0
0,1870504,0,-450,1775532,428575,264315,78993,66482,29245,82349,51,0
0,1870504,0,-1578,1775532,428575,264315,78993,66482,29245,82349,51,0
0,1450035,0,442,239258,97188,28058,55241,28704,12448,203962,51,0
0,1450035,0,1907,239258,97188,28058,55241,28704,12448,203962,51,0
0,1450035,0,193,239258,97188,28058,55241,28704,12448,203962,51,0
0,1450035,0,-209,239258,97188,28058,55241,28704,12448,203962,51,0
0,1450035,0,248,239258,97188,28058,55241,28704,12448,203962,51,0
0,1450035,0,532,239258,97188,28058,55241,28704,12448,203962,51,0
0,1450035,0,-1193,239258,97188,28058,55241,28704,12448,203962,51,0
0,1450035,0,-881,239258,97188,28058,55241,28704,12448,203962,51,0
0,1450035,0,165,239258,97188,28058,55241,28704,12448,203962,51,0
0,1450035,0,965,239258,97188,28058,55241,28704,12448,203962,51,0
0,1577885,0,1066,18226,29029,10815,4498,6169,702,86641,26,0
0,1577885,0,-917,18226,29029,10815,4498,6169,702,86641,26,0
0,1577885,0,-724,18226,29029,10815,4498,6169,702,86641,26,0
0,1577885,0,1080,18226,29029,10815,4498,6169,702,86641,26,0
0,1577885,0,348,18226,29029,10815,4498,6169,702,86641,26,0
0,1577885,0,-705,18226,29029,10815,4498,6169,702,86641,26,0
0,1577885,0,-455,18226,29029,10815,4498,6169,702,86641,26,0
0,1577885,0,297,18226,29029,10815,4498,6169,702,86641,26,0
0,1577885,0,1317,18226,29029,10815,4498,6169,702,86641,26,0
0,1577885,0,-1530,18226,29029,10815,4498,6169,702,86641,26,0
0,632831,0,-1031,11431,5151,2622,5638,3116,264,25868,26,0
0,632831,0,-321,11431,5151,2622,5638,3116,264,25868,26,0
0,632831,0,928,11431,5151,2622,5638,3116,264,25868,26,0
0,632831,0,1543,11431,5151,2622,5638,3116,264,25868,26,0
0,632831,0,474,11431,5151,2622,5638,3116,264,25868,26,0
0,632831,0,120,11431,5151,2622,5638,3116,264,25868,26,0
0,632831,0,416,11431,5151,2622,5638,3116,264,25868,26,0
0,632831,0,-2048,11431,5151,2622,5638,3116,264,25868,26,0
0,632831,0,716,11431,5151,2622,5638,3116,264,25868,26,0
0,632831,0,1114,11431,5151,2622,5638,3116,264,25868,26,0
0,1163372,0,92,36720,33135,2544,6360,2581,990,15017,51,0
0,1163372,0,-519,36720,33135,2544,6360,2581,990,15017,51,0
0,1163372,0,-269,36720,33135,2544,6360,2581,990,15017,51,0
0,1163372,0,364,36720,33135,2544,6360,2581,990,15017,51,0
0,1163372,0,309,36720,33135,2544,6360,2581,990,15017,51,0
0,1163372,0,-1813,36720,33135,2544,6360,2581,990,15017,51,0
0,1163372,0,412,36720,33135,2544,6360,2581,990,15017,51,0
0,1163372,0,1425,36720,33135,2544,6360,2581,990,15017,51,0
0,1163372,0,-203,36720,33135,2544,6360,2581,990,15017,51,0
0,2750427,0,-645,131202,15960,6800,2795,20606,1428,47091,51,0
0,2750427,0,-521,131202,15960,6800,2795,20606,1428,47091,51,0
0,2750427,0,600,131202,15960,6800,2795,20606,1428,47091,51,0
0,2750427,0,304,131202,15960,6800,2795,20606,1428,47091,51,0
0,2750427,0,-104,131202,15960,6800,2795,20606,1428,47091,51,0
0,2750427,0,-11,131202,15960,6800,2795,20606,1428,47091,51,0
0,2750427,0,1025,131202,15960,6800,2795,20606,1428,47091,51,0
0,2750427,0,-331,131202,15960,6800,2795,20606,1428,47091,51,0
0,2750427,0,-941,131202,15960,6800,2795,20606,1428,47091,51,0
0,2750427,0,-198,131202,15960,6800,2795,20606,1428,47091,51,0
0,2099286,0,860,90605,80341,18799,44145,28093,5602,372190,26,0
0,2099286,0,188,90605,80341,18799,44145,28093,5602,372190,26,0
0,2099286,0,-658,90605,80341,18799,44145,28093,5602,372190,26,0
0,2099286,0,202,90605,80341,18799,44145,28093,5602,372190,26,0
0,2099286,0,1114,90605,80341,18799,44145,28093,5602,372190,26,0
0,2099286,0,-310,90605,80341,18799,44145,28093,5602,372190,26,0
0,2099286,0,-730,90605,80341,18799,44145,28093,5602,372190,26,0
0,2099286,0,-199,90605,80341,18799,44145,28093,5602,372190,26,0
0,2099286,0,473,90605,80341,18799,44145,28093,5602,372190,26,0
0,2099286,0,1331,90605,80341,18799,44145,28093,5602,372190,26,0
0,2529170,0,-894,170699,19508,39632,43342,26065,5131,71767,26,0
0,2529170,0,-595,170699,19508,39632,43342,26065,5131,71767,26,0
0,2529170,0,1443,170699,19508,39632,43342,26065,5131,71767,26,0
0,2529170,0,39,170699,19508,39632,43342,26065,5131,71767,26,0
0,2529170,0,-588,170699,19508,39632,43342,26065,5131,71767,26,0
0,2529170,0,-66,170699,19508,39632,43342,26065,5131,71767,26,0
0,2529170,0,746,170699,19508,39632,43342,26065,5131,71767,26,0
0,2529170,0,864,170699,19508,39632,43342,26065,5131,71767,26,0
0,2529170,0,-856,170699,19508,39632,43342,26065,5131,71767,26,0
0,2529170,0,-134,170699,19508,39632,43342,26065,5131,71767,26,0
0,673126,0,1396,17744,5091,7397,4851,3118,1263,19612,26,0
0,673126,0,125,17744,5091,7397,4851,3118,1263,19612,26,0
0,673126,0,-661,17744,5091,7397,4851,3118,1263,19612,26,0
0,673126,0,-706,17744,5091,7397,4851,3118,1263,19612,26,0
0,673126,0,-727,17744,5091,7397,4851,3118,1263,19612,26,0
0,673126,0,1916,17744,5091,7397,4851,3118,1263,19612,26,0
0,673126,0,-2048,17744,5091,7397,4851,3118,1263,19612,26,0
0,673126,0,-322,17744,5091,7397,4851,3118,1263,19612,26,0
0,673126,0,1154,17744,5091,7397,4851,3118,1263,19612,26,0
0,673126,0,1235,17744,5091,7397,4851,3118,1263,19612,26,0
0,1562741,0,-89,35432,2436,3715,4647,7167,1113,16669,26,0
0,1562741,0,-205,35432,2436,3715,4647,7167,1113,16669,26,0
0,1562741,0,8,35432,2436,3715,4647,7167,1113,16669,26,0
0,1562741,0,776,35432,2436,3715,4647,7167,1113,16669,26,0
0,1562741,0,-2048,35432,2436,3715,4647,7167,1113,16669,26,0
0,1562741,0,-505,35432,2436,3715,4647,7167,1113,16669,26,0
0,1562741,0,409,35432,2436,3715,4647,7167,1113,16669,26,0
0,1562741,0,1213,35432,2436,3715,4647,7167,1113,16669,26,0
0,1562741,0,209,35432,2436,3715,4647,7167,1113,16669,26,0
0,1562741,0,-118,35432,2436,3715,4647,7167,1113,16669,26,0
0,1533053,0,16,72632,2256,16923,14389,10807,1844,17522,51,0
0,1533053,0,292,72632,2256,16923,14389,10807,1844,17522,51,0
0,1533053,0,85,72632,2256,16923,14389,10807,1844,17522,51,0
0,1533053,0,-116,72632,2256,16923,14389,10807,1844,17522,51,0
0,1533053,0,-918,72632,2256,16923,14389,10807,1844,17522,51,0
0,1533053,0,869,72632,2256,16923,14389,10807,1844,17522,51,0
0,1533053,0,245,72632,2256,16923,14389,10807,1844,17522,51,0
0,1533053,0,-178,72632,2256,16923,14389,10807,1844,17522,51,0
0,1533053,0,131,72632,2256,16923,14389,10807,1844,17522,51,0
0,1533053,0,0,72632,2256,16923,14389,10807,1844,17522,51,0
0,143674,0,765,165025,8750,17651,4408,3699,882,48517,0,0
0,143674,0,-2048,165025,8750,17651,4408,3699,882,48517,0,0
0,143674,0,-439,165025,8750,17651,4408,3699,882,48517,0,0
0,143674,0,-706,165025,8750,17651,4408,3699,882,48517,0,0
0,143674,0,1717,165025,8750,17651,4408,3699,882,48517,0,0
0,143674,0,362,165025,8750,17651,4408,3699,882,48517,0,0
0,143674,0,-214,165025,8750,17651,4408,3699,882,48517,0,0
0,143674,0,-93,165025,8750,17651,4408,3699,882,48517,0,0
0,143674,0,233,165025,8750,17651,4408,3699,882,48517,0,0
0,143674,0,647,165025,8750,17651,4408,3699,882,48517,0,0
0,913666,0,-794,22085,44714,23089,4919,21414,7638,61235,26,0
0,913666,0,776,22085,44714,23089,4919,21414,7638,61235,26,0
0,913666,0,116,22085,44714,23089,4919,21414,7638,61235,26,0
0,913666,0,1169,22085,44714,23089,4919,21414,7638,61235,26,0
0,913666,0,-30,22085,44714,23089,4919,21414,7638,61235,26,0
0,913666,0,-686,22085,44714,23089,4919,21414,7638,61235,26,0
0,913666,0,-242,22085,44714,23089,4919,21414,7638,61235,26,0
0,913666,0,-721,22085,44714,23089,4919,21414,7638,61235,26,0
0,913666,0,-341,22085,44714,23089,4919,21414,7638,61235,26,0
0,913666,0,828,22085,44714,23089,4919,21414,7638,61235,26,0
0,336264,0,1402,42878,113637,27795,20744,18504,2945,15898,51,0
0,336264,0,268,42878,113637,27795,20744,18504,2945,15898,51,0
0,336264,0,42,42878,113637,27795,20744,18504,2945,15898,51,0
0,336264,0,-67,42878,113637,27795,20744,18504,2945,15898,51,0
0,336264,0,57,42878,113637,27795,20744,18504,2945,15898,51,0
0,336264,0,-43,42878,113637,27795,20744,18504,2945,15898,51,0
0,336264,0,-505,42878,113637,27795,20744,18504,2945,15898,51,0
0,336264,0,-314,42878,113637,27795,20744,18504,2945,15898,51,0
0,336264,0,1010,42878,113637,27795,20744,18504,2945,15898,51,0
0,336264,0,245,42878,113637,27795,20744,18504,2945,15898,51,0
0,241842,0,-360,30305,5207,16702,22667,22470,953,7813,51,0
0,241842,0,-218,30305,5207,16702,22667,22470,953,7813,51,0
0,241842,0,417,30305,5207,16702,22667,22470,953,7813,51,0
0,241842,0,10,30305,5207,16702,22667,22470,953,7813,51,0
0,241842,0,-266,30305,5207,16702,22667,22470,953,7813,51,0
0,241842,0,-657,30305,5207,16702,22667,22470,953,7813,51,0
0,241842,0,1266,30305,5207,16702,22667,22470,953,7813,51,0
0,241842,0,580,30305,5207,16702,22667,22470,953,7813,51,0
0,241842,0,-228,30305,5207,16702,22667,22470,953,7813,51,0
0,241842,0,-155,30305,5207,16702,22667,22470,953,7813,51,0
0,937064,0,572,159661,20604,25077,17771,12102,1097,75938,0,0
0,937064,0,-604,159661,20604,25077,17771,12102,1097,75938,0,0
0,937064,0,-330,159661,20604,25077,17771,12102,1097,75938,0,0
0,937064,0,-922,159661,20604,25077,17771,12102,1097,75938,0,0
0,937064,0,2,159661,20604,25077,17771,12102,1097,75938,0,0
0,937064,0,1446,159661,20604,25077,17771,12102,1097,75938,0,0
0,937064,0,-71,159661,20604,25077,17771,12102,1097,75938,0,0
0,937064,0,1080,159661,20604,25077,17771,12102,1097,75938,0,0
0,937064,0,-55,159661,20604,25077,17771,12102,1097,75938,0,0
0,937064,0,-42,159661,20604,25077,17771,12102,1097,75938,0,0
0,1850785,0,-2048,81960,2879,13872,18415,12857,2357,57418,26,0
0,1850785,0,-242,81960,2879,13872,18415,12857,2357,57418,26,0
0,1850785,0,9,81960,2879,13872,18415,12857,2357,57418,26,0
0,1850785,0,189,81960,2879,13872,18415,12857,2357,57418,26,0
0,1850785,0,2047,81960,2879,13872,18415,12857,2357,57418,26,0
0,1850785,0,-676,81960,2879,13872,18415,12857,2357,57418,26,0
0,1850785,0,-68,81960,2879,13872,18415,12857,2357,57418,26,0
0,1850785,0,1370,81960,2879,13872,18415,12857,2357,57418,26,0
0,1850785,0,202,81960,2879,13872,18415,12857,2357,57418,26,0
0,1688838,0,74,16934,39731,181351,51419,75801,53598,30410,51,0
0,1688838,0,-1065,16934,39731,181351,51419,75801,53598,30410,51,0
0,1688838,0,-106,16934,39731,181351,51419,75801,53598,30410,51,0
0,1688838,0,864,16934,39731,181351,51419,75801,53598,30410,51,0
0,1688838,0,170,16934,39731,181351,51419,75801,53598,30410,51,0
0,1688838,0,65,16934,39731,181351,51419,75801,53598,30410,51,0
0,1688838,0,49,16934,39731,181351,51419,75801,53598,30410,51,0
0,1688838,0,45,16934,39731,181351,51419,75801,53598,30410,51,0
0,1688838,0,44,16934,39731,181351,51419,75801,53598,30410,51,0
0,1688838,0,45,16934,39731,181351,51419,75801,53598,30410,51,0
0,859499,0,48,140990,11066,26746,51207,58360,51781,18574,51,0
0,859499,0,48,140990,11066,26746,51207,58360,51781,18574,51,0
0,859499,0,43,140990,11066,26746,51207,58360,51781,18574,51,0
0,859499,0,-81,140990,11066,26746,51207,58360,51781,18574,51,0
0,859499,0,-115,140990,11066,26746,51207,58360,51781,18574,51,0
0,859499,0,326,140990,11066,26746,51207,58360,51781,18574,51,0
0,859499,0,-350,140990,11066,26746,51207,58360,51781,18574,51,0
0,859499,0,65,140990,11066,26746,51207,58360,51781,18574,51,0
0,859499,0,613,140990,11066,26746,51207,58360,51781,18574,51,0
0,859499,0,212,140990,11066,26746,51207,58360,51781,18574,51,0
0,1114257,0,-355,597146,269203,234926,154609,109678,15548,497229,25,0
0,1114257,0,-526,597146,269203,234926,154609,109678,15548,497229,25,0
0,1114257,0,497,597146,269203,234926,154609,109678,15548,497229,25,0
0,1114257,0,-658,597146,269203,234926,154609,109678,15548,497229,25,0
0,1114257,0,213,597146,269203,234926,154609,109678,15548,497229,25,0
0,1114257,0,-440,597146,269203,234926,154609,109678,15548,497229,25,0
0,1114257,0,-327,597146,269203,234926,154609,109678,15548,497229,25,0
0,1114257,0,928,597146,269203,234926,154609,109678,15548,497229,25,0
0,1114257,0,-204,597146,269203,234926,154609,109678,15548,497229,25,0
0,1114257,0,-406,597146,269203,234926,154609,109678,15548,497229,25,0
0,346482,0,1126,69223,9549,36086,9114,11679,864,96784,0,0
0,346482,0,-627,69223,9549,36086,9114,11679,864,96784,0,0
0,346482,0,-269,69223,9549,36086,9114,11679,864,96784,0,0
0,346482,0,708,69223,9549,36086,9114,11679,864,96784,0,0
0,346482,0,35,69223,9549,36086,9114,11679,864,96784,0,0
0,346482,0,-397,69223,9549,36086,9114,11679,864,96784,0,0
0,346482,0,789,69223,9549,36086,9114,11679,864,96784,0,0
0,346482,0,-297,69223,9549,36086,9114,11679,864,96784,0,0
0,346482,0,-221,69223,9549,36086,9114,11679,864,96784,0,0
0,346482,0,713,69223,9549,36086,9114,11679,864,96784,0,0
53,392094,34,70,65890,2118,13902,9599,22815,1981,90144,0,0
53,392094,34,-587,65890,2118,13902,9599,22815,1981,90144,0,0
53,392094,34,611,65890,2118,13902,9599,22815,1981,90144,0,0
53,392094,34,-1106,65890,2118,13902,9599,22815,1981,90144,0,0
53,392094,34,-242,65890,2118,13902,9599,22815,1981,90144,0,0
53,392094,34,-109,65890,2118,13902,9599,22815,1981,90144,0,0
53,392094,34,853,65890,2118,13902,9599,22815,1981,90144,0,0
53,392094,34,-199,65890,2118,13902,9599,22815,1981,90144,0,0
53,392094,34,-631,65890,2118,13902,9599,22815,1981,90144,0,0
53,392094,34,188,65890,2118,13902,9599,22815,1981,90144,0,0
64,2407573,30,-141,277998,37248,67163,58134,95708,4138,403898,0,0
64,2407573,30,308,277998,37248,67163,58134,95708,4138,403898,0,0
64,2407573,30,-594,277998,37248,67163,58134,95708,4138,403898,0,0
64,2407573,30,120,277998,37248,67163,58134,95708,4138,403898,0,0
64,2407573,30,452,277998,37248,67163,58134,95708,4138,403898,0,0
64,2407573,30,-392,277998,37248,67163,58134,95708,4138,403898,0,0
64,2407573,30,-2,277998,37248,67163,58134,95708,4138,403898,0,0
64,2407573,30,764,277998,37248,67163,58134,95708,4138,403898,0,0
64,2407573,30,82,277998,37248,67163,58134,95708,4138,403898,0,0
64,2407573,30,-290,277998,37248,67163,58134,95708,4138,403898,0,0
64,197394,30,342,27208,4445,1033,1194,2490,3466,5104,26,0
64,197394,30,612,27208,4445,1033,1194,2490,3466,5104,26,0
64,197394,30,137,27208,4445,1033,1194,2490,3466,5104,26,0
64,197394,30,-533,27208,4445,1033,1194,2490,3466,5104,26,0
64,197394,30,-221,27208,4445,1033,1194,2490,3466,5104,26,0
64,197394,30,914,27208,4445,1033,1194,2490,3466,5104,26,0
64,197394,30,322,27208,4445,1033,1194,2490,3466,5104,26,0
64,197394,30,-101,27208,4445,1033,1194,2490,3466,5104,26,0
64,197394,30,284,27208,4445,1033,1194,2490,3466,5104,26,0
64,197394,30,315,27208,4445,1033,1194,2490,3466,5104,26,0
80,2735346,50,-622,51070,35936,52779,18583,52425,5206,382163,0,0
80,2735346,50,-355,51070,35936,52779,18583,52425,5206,382163,0,0
80,2735346,50,812,51070,35936,52779,18583,52425,5206,382163,0,0
80,2735346,50,-150,51070,35936,52779,18583,52425,5206,382163,0,0
80,2735346,50,-407,51070,35936,52779,18583,52425,5206,382163,0,0
80,2735346,50,-276,51070,35936,52779,18583,52425,5206,382163,0,0
80,2735346,50,972,51070,35936,52779,18583,52425,5206,382163,0,0
80,2735346,50,183,51070,35936,52779,18583,52425,5206,382163,0,0
80,2735346,50,-566,51070,35936,52779,18583,52425,5206,382163,0,0
80,2735346,50,-165,51070,35936,52779,18583,52425,5206,382163,0,0
77,1851283,69,1444,398945,230605,76132,32400,24243,4920,339910,0,0
77,1851283,69,-526,398945,230605,76132,32400,24243,4920,339910,0,0
77,1851283,69,262,398945,230605,76132,32400,24243,4920,339910,0,0
77,1851283,69,-996,398945,230605,76132,32400,24243,4920,339910,0,0
77,1851283,69,1092,398945,230605,76132,32400,24243,4920,339910,0,0
77,1851283,69,355,398945,230605,76132,32400,24243,4920,339910,0,0
77,1851283,69,-580,398945,230605,76132,32400,24243,4920,339910,0,0
77,1851283,69,-134,398945,230605,76132,32400,24243,4920,339910,0,0
77,1851283,69,706,398945,230605,76132,32400,24243,4920,339910,0,0
77,1851283,69,-452,398945,230605,76132,32400,24243,4920,339910,0,0
77,2447115,69,389,190106,7718,165798,8955,32218,9937,313182,26,0
77,2447115,69,-907,190106,7718,165798,8955,32218,9937,313182,26,0
77,2447115,69,1268,190106,7718,165798,8955,32218,9937,313182,26,0
77,2447115,69,754,190106,7718,165798,8955,32218,9937,313182,26,0
77,2447115,69,-441,190106,7718,165798,8955,32218,9937,313182,26,0
77,2447115,69,-441,190106,7718,165798,8955,32218,9937,313182,26,0
77,2447115,69,258,190106,7718,165798,8955,32218,9937,313182,26,0
77,2447115,69,393,190106,7718,165798,8955,32218,9937,313182,26,0
77,2447115,69,278,190106,7718,165798,8955,32218,9937,313182,26,0
77,2447115,69,-508,190106,7718,165798,8955,32218,9937,313182,26,0
77,1472274,69,391,120629,13409,23927,12947,21077,2780,81510,26,0
77,1472274,69,482,120629,13409,23927,12947,21077,2780,81510,26,0
77,1472274,69,-356,120629,13409,23927,12947,21077,2780,81510,26,0
77,1472274,69,-556,120629,13409,23927,12947,21077,2780,81510,26,0
77,1472274,69,141,120629,13409,23927,12947,21077,2780,81510,26,0
77,1472274,69,330,120629,13409,23927,12947,21077,2780,81510,26,0
77,1472274,69,-301,120629,13409,23927,12947,21077,2780,81510,26,0
77,1472274,69,133,120629,13409,23927,12947,21077,2780,81510,26,0
77,1472274,69,917,120629,13409,23927,12947,21077,2780,81510,26,0
61,1873359,100,194,196941,159149,149632,62010,23175,14357,311894,0,0
61,1873359,100,-628,196941,159149,149632,62010,23175,14357,311894,0,0
61,1873359,100,-264,196941,159149,149632,62010,23175,14357,311894,0,0
61,1873359,100,514,196941,159149,149632,62010,23175,14357,311894,0,0
61,1873359,100,864,196941,159149,149632,62010,23175,14357,311894,0,0
61,1873359,100,-443,196941,159149,149632,62010,23175,14357,311894,0,0
61,1873359,100,-161,196941,159149,149632,62010,23175,14357,311894,0,0
61,1873359,100,514,196941,159149,149632,62010,23175,14357,311894,0,0
61,1873359,100,355,196941,159149,149632,62010,23175,14357,311894,0,0
61,1873359,100,-243,196941,159149,149632,62010,23175,14357,311894,0,0
44,629806,100,-522,33351,25658,14807,4595,2925,772,86362,0,0
44,629806,100,151,33351,25658,14807,4595,2925,772,86362,0,0
44,629806,100,1165,33351,25658,14807,4595,2925,772,86362,0,0
44,629806,100,-211,33351,25658,14807,4595,2925,772,86362,0,0
44,629806,100,25,33351,25658,14807,4595,2925,772,86362,0,0
44,629806,100,514,33351,25658,14807,4595,2925,772,86362,0,0
44,629806,100,460,33351,25658,14807,4595,2925,772,86362,0,0
44,629806,100,-625,33351,25658,14807,4595,2925,772,86362,0,0
44,629806,100,-515,33351,25658,14807,4595,2925,772,86362,0,0
44,629806,100,77,33351,25658,14807,4595,2925,772,86362,0,0
38,312083,100,1371,25503,20255,3248,3394,6703,992,80759,0,0
38,312083,100,-966,25503,20255,3248,3394,6703,992,80759,0,0
38,312083,100,-34,25503,20255,3248,3394,6703,992,80759,0,0
38,312083,100,10,25503,20255,3248,3394,6703,992,80759,0,0
38,312083,100,-1617,25503,20255,3248,3394,6703,992,80759,0,0
38,312083,100,-413,25503,20255,3248,3394,6703,992,80759,0,0
38,312083,100,1072,25503,20255,3248,3394,6703,992,80759,0,0
38,312083,100,144,25503,20255,3248,3394,6703,992,80759,0,0
38,312083,100,1093,25503,20255,3248,3394,6703,992,80759,0,0
38,312083,100,817,25503,20255,3248,3394,6703,992,80759,0,0
38,516509,100,-2048,16887,1565,2576,1957,1992,758,14206,26,0
38,516509,100,267,16887,1565,2576,1957,1992,758,14206,26,0
38,516509,100,931,16887,1565,2576,1957,1992,758,14206,26,0
38,516509,100,743,16887,1565,2576,1957,1992,758,14206,26,0
38,516509,100,54,16887,1565,2576,1957,1992,758,14206,26,0
38,516509,100,-370,16887,1565,2576,1957,1992,758,14206,26,0
38,516509,100,-279,16887,1565,2576,1957,1992,758,14206,26,0
38,516509,100,-36,16887,1565,2576,1957,1992,758,14206,26,0
38,516509,100,779,16887,1565,2576,1957,1992,758,14206,26,0
38,516509,100,-2048,16887,1565,2576,1957,1992,758,14206,26,0
38,1577577,100,421,29813,17068,11943,5651,23481,2558,41288,51,0
38,1577577,100,1228,29813,17068,11943,5651,23481,2558,41288,51,0
38,1577577,100,524,29813,17068,11943,5651,23481,2558,41288,51,0
38,1577577,100,-531,29813,17068,11943,5651,23481,2558,41288,51,0
38,1577577,100,-632,29813,17068,11943,5651,23481,2558,41288,51,0
38,1577577,100,423,29813,17068,11943,5651,23481,2558,41288,51,0
38,1577577,100,517,29813,17068,11943,5651,23481,2558,41288,51,0
38,1577577,100,928,29813,17068,11943,5651,23481,2558,41288,51,0
38,1577577,100,89,29813,17068,11943,5651,23481,2558,41288,51,0
38,1577577,100,-771,29813,17068,11943,5651,23481,2558,41288,51,0
38,1756652,100,832,123803,43258,61237,13989,8657,3042,62970,26,0
38,1756652,100,292,123803,43258,61237,13989,8657,3042,62970,26,0
38,1756652,100,-699,123803,43258,61237,13989,8657,3042,62970,26,0
38,1756652,100,-582,123803,43258,61237,13989,8657,3042,62970,26,0
38,1756652,100,114,123803,43258,61237,13989,8657,3042,62970,26,0
38,1756652,100,839,123803,43258,61237,13989,8657,3042,62970,26,0
38,1756652,100,569,123803,43258,61237,13989,8657,3042,62970,26,0
38,1756652,100,-538,123803,43258,61237,13989,8657,3042,62970,26,0
38,1756652,100,-460,123803,43258,61237,13989,8657,3042,62970,26,0
38,1756652,100,742,123803,43258,61237,13989,8657,3042,62970,26,0
48,693751,100,296,20861,2305,15047,3085,4273,611,66672,0,0
48,693751,100,-322,20861,2305,15047,3085,4273,611,66672,0,0
48,693751,100,-485,20861,2305,15047,3085,4273,611,66672,0,0
48,693751,100,83,20861,2305,15047,3085,4273,611,66672,0,0
48,693751,100,360,20861,2305,15047,3085,4273,611,66672,0,0
48,693751,100,876,20861,2305,15047,3085,4273,611,66672,0,0
48,693751,100,-243,20861,2305,15047,3085,4273,611,66672,0,0
48,693751,100,-294,20861,2305,15047,3085,4273,611,66672,0,0
48,693751,100,769,20861,2305,15047,3085,4273,611,66672,0,0
48,693751,100,290,20861,2305,15047,3085,4273,611,66672,0,0
54,1373417,100,-316,41443,19554,22740,3825,9227,1554,86106,0,0
54,1373417,100,-267,41443,19554,22740,3825,9227,1554,86106,0,0
54,1373417,100,55,41443,19554,22740,3825,9227,1554,86106,0,0
54,1373417,100,113,41443,19554,22740,3825,9227,1554,86106,0,0
54,1373417,100,745,41443,19554,22740,3825,9227,1554,86106,0,0
54,1373417,100,-773,41443,19554,22740,3825,9227,1554,86106,0,0
54,1373417,100,-20,41443,19554,22740,3825,9227,1554,86106,0,0
54,1373417,100,684,41443,19554,22740,3825,9227,1554,86106,0,0
54,1373417,100,425,41443,19554,22740,3825,9227,1554,86106,0,0
54,1373417,100,-741,41443,19554,22740,3825,9227,1554,86106,0,0
64,2202483,100,-311,46430,39098,78504,31872,19926,2674,328272,0,0
64,2202483,100,56,46430,39098,78504,31872,19926,2674,328272,0,0
64,2202483,100,507,46430,39098,78504,31872,19926,2674,328272,0,0
64,2202483,100,1030,46430,39098,78504,31872,19926,2674,328272,0,0
64,2202483,100,-730,46430,39098,78504,31872,19926,2674,328272,0,0
64,2202483,100,-360,46430,39098,78504,31872,19926,2674,328272,0,0
64,2202483,100,523,46430,39098,78504,31872,19926,2674,328272,0,0
64,2202483,100,392,46430,39098,78504,31872,19926,2674,328272,0,0
64,2202483,100,-380,46430,39098,78504,31872,19926,2674,328272,0,0
64,2202483,100,-451,46430,39098,78504,31872,19926,2674,328272,0,0
64,349861,100,-88,6156,3165,2155,1792,816,152,20084,26,0
64,349861,100,937,6156,3165,2155,1792,816,152,20084,26,0
64,349861,100,-580,6156,3165,2155,1792,816,152,20084,26,0
64,349861,100,-1050,6156,3165,2155,1792,816,152,20084,26,0
64,349861,100,1418,6156,3165,2155,1792,816,152,20084,26,0
64,349861,100,-13,6156,3165,2155,1792,816,152,20084,26,0
64,349861,100,-406,6156,3165,2155,1792,816,152,20084,26,0
64,349861,100,57,6156,3165,2155,1792,816,152,20084,26,0
64,349861,100,295,6156,3165,2155,1792,816,152,20084,26,0
64,349861,100,829,6156,3165,2155,1792,816,152,20084,26,0
64,2902706,100,620,216109,60229,60725,26199,23490,4555,261789,26,0
64,2902706,100,-819,216109,60229,60725,26199,23490,4555,261789,26,0
64,2902706,100,299,216109,60229,60725,26199,23490,4555,261789,26,0
64,2902706,100,625,216109,60229,60725,26199,23490,4555,261789,26,0
64,2902706,100,-185,216109,60229,60725,26199,23490,4555,261789,26,0
64,2902706,100,-618,216109,60229,60725,26199,23490,4555,261789,26,0
64,2902706,100,-229,216109,60229,60725,26199,23490,4555,261789,26,0
64,2902706,100,667,216109,60229,60725,26199,23490,4555,261789,26,0
64,2902706,100,777,216109,60229,60725,26199,23490,4555,261789,26,0
64,2902706,100,-1045,216109,60229,60725,26199,23490,4555,261789,26,0
60,1529667,100,35,38558,8170,8917,5407,4816,939,71827,0,0
60,1529667,100,749,38558,8170,8917,5407,4816,939,71827,0,0
60,1529667,100,103,38558,8170,8917,5407,4816,939,71827,0,0
60,1529667,100,-378,38558,8170,8917,5407,4816,939,71827,0,0
60,1529667,100,-1082,38558,8170,8917,5407,4816,939,71827,0,0
60,1529667,100,34,38558,8170,8917,5407,4816,939,71827,0,0
60,1529667,100,809,38558,8170,8917,5407,4816,939,71827,0,0
60,1529667,100,521,38558,8170,8917,5407,4816,939,71827,0,0
60,1529667,100,-312,38558,8170,8917,5407,4816,939,71827,0,0
60,211726,100,42,34928,2025,4997,3680,4202,408,19523,26,0
60,211726,100,357,34928,2025,4997,3680,4202,408,19523,26,0
60,211726,100,145,34928,2025,4997,3680,4202,408,19523,26,0
60,211726,100,-301,34928,2025,4997,3680,4202,408,19523,26,0
60,211726,100,-540,34928,2025,4997,3680,4202,408,19523,26,0
60,211726,100,-249,34928,2025,4997,3680,4202,408,19523,26,0
60,211726,100,1031,34928,2025,4997,3680,4202,408,19523,26,0
60,211726,100,-678,34928,2025,4997,3680,4202,408,19523,26,0
60,211726,100,-295,34928,2025,4997,3680,4202,408,19523,26,0
60,211726,100,534,34928,2025,4997,3680,4202,408,19523,26,0
51,1107142,81,529,656788,117703,18501,24228,27289,7672,288167,0,0
51,1107142,81,-602,656788,117703,18501,24228,27289,7672,288167,0,0
51,1107142,81,-601,656788,117703,18501,24228,27289,7672,288167,0,0
51,1107142,81,-73,656788,117703,18501,24228,27289,7672,288167,0,0
51,1107142,81,633,656788,117703,18501,24228,27289,7672,288167,0,0
51,1107142,81,1051,656788,117703,18501,24228,27289,7672,288167,0,0
51,1107142,81,-700,656788,117703,18501,24228,27289,7672,288167,0,0
51,1107142,81,-843,656788,117703,18501,24228,27289,7672,288167,0,0
51,1107142,81,376,656788,117703,18501,24228,27289,7672,288167,0,0
51,1107142,81,453,656788,117703,18501,24228,27289,7672,288167,0,0
51,1989822,81,-407,37703,28598,13287,5215,4418,1172,85029,26,0
51,1989822,81,-509,37703,28598,13287,5215,4418,1172,85029,26,0
51,1989822,81,83,37703,28598,13287,5215,4418,1172,85029,26,0
51,1989822,81,108,37703,28598,13287,5215,4418,1172,85029,26,0
51,1989822,81,-987,37703,28598,13287,5215,4418,1172,85029,26,0
51,1989822,81,-62,37703,28598,13287,5215,4418,1172,85029,26,0
51,1989822,81,28,37703,28598,13287,5215,4418,1172,85029,26,0
51,1989822,81,2047,37703,28598,13287,5215,4418,1172,85029,26,0
51,1989822,81,585,37703,28598,13287,5215,4418,1172,85029,26,0
51,1989822,81,131,37703,28598,13287,5215,4418,1172,85029,26,0
51,1334962,81,56,194714,24777,14647,5656,8732,1352,13396,51,0
51,1334962,81,45,194714,24777,14647,5656,8732,1352,13396,51,0
51,1334962,81,49,194714,24777,14647,5656,8732,1352,13396,51,0
51,1334962,81,51,194714,24777,14647,5656,8732,1352,13396,51,0
51,1334962,81,48,194714,24777,14647,5656,8732,1352,13396,51,0
51,1334962,81,45,194714,24777,14647,5656,8732,1352,13396,51,0
51,1334962,81,48,194714,24777,14647,5656,8732,1352,13396,51,0
51,1334962,81,24,194714,24777,14647,5656,8732,1352,13396,51,0
51,1334962,81,-36,194714,24777,14647,5656,8732,1352,13396,51,0
51,1334962,81,82,194714,24777,14647,5656,8732,1352,13396,51,0
51,34872,81,66,15990,2078,267,391,152,47,3975,25,0
51,34872,81,-99,15990,2078,267,391,152,47,3975,25,0
51,34872,81,-20,15990,2078,267,391,152,47,3975,25,0
51,34872,81,145,15990,2078,267,391,152,47,3975,25,0
51,34872,81,-483,15990,2078,267,391,152,47,3975,25,0
51,34872,81,-517,15990,2078,267,391,152,47,3975,25,0
51,34872,81,565,15990,2078,267,391,152,47,3975,25,0
51,34872,81,573,15990,2078,267,391,152,47,3975,25,0
51,34872,81,-421,15990,2078,267,391,152,47,3975,25,0
51,34872,81,327,15990,2078,267,391,152,47,3975,25,0
41,1459820,70,340,134027,71048,5713,7413,6878,3375,104646,0,0
41,1459820,70,-476,134027,71048,5713,7413,6878,3375,104646,0,0
41,1459820,70,-619,134027,71048,5713,7413,6878,3375,104646,0,0
41,1459820,70,-394,134027,71048,5713,7413,6878,3375,104646,0,0
41,1459820,70,357,134027,71048,5713,7413,6878,3375,104646,0,0
41,1459820,70,1034,134027,71048,5713,7413,6878,3375,104646,0,0
41,1459820,70,-1162,134027,71048,5713,7413,6878,3375,104646,0,0
41,1459820,70,232,134027,71048,5713,7413,6878,3375,104646,0,0
41,1459820,70,1371,134027,71048,5713,7413,6878,3375,104646,0,0
41,1459820,70,76,134027,71048,5713,7413,6878,3375,104646,0,0
41,709011,70,-593,17758,19079,7280,3769,6781,873,64766,26,0
41,709011,70,-408,17758,19079,7280,3769,6781,873,64766,26,0
41,709011,70,285,17758,19079,7280,3769,6781,873,64766,26,0
41,709011,70,1282,17758,19079,7280,3769,6781,873,64766,26,0
41,709011,70,-1217,17758,19079,7280,3769,6781,873,64766,26,0
41,709011,70,-248,17758,19079,7280,3769,6781,873,64766,26,0
41,709011,70,649,17758,19079,7280,3769,6781,873,64766,26,0
41,709011,70,348,17758,19079,7280,3769,6781,873,64766,26,0
41,709011,70,-682,17758,19079,7280,3769,6781,873,64766,26,0
41,709011,70,-254,17758,19079,7280,3769,6781,873,64766,26,0
41,1740589,51,10,227496,85612,13085,33476,36389,8337,446036,0,0
41,1740589,51,371,227496,85612,13085,33476,36389,8337,446036,0,0
41,1740589,51,921,227496,85612,13085,33476,36389,8337,446036,0,0
41,1740589,51,-585,227496,85612,13085,33476,36389,8337,446036,0,0
41,1740589,51,-504,227496,85612,13085,33476,36389,8337,446036,0,0
41,1740589,51,-757,227496,85612,13085,33476,36389,8337,446036,0,0
41,1740589,51,785,227496,85612,13085,33476,36389,8337,446036,0,0
41,1740589,51,480,227496,85612,13085,33476,36389,8337,446036,0,0
41,1740589,51,-551,227496,85612,13085,33476,36389,8337,446036,0,0
41,1740589,51,-258,227496,85612,13085,33476,36389,8337,446036,0,0
40,757951,47,-708,87568,27671,5021,18262,8487,1800,138697,0,0
40,757951,47,-39,87568,27671,5021,18262,8487,1800,138697,0,0
40,757951,47,1761,87568,27671,5021,18262,8487,1800,138697,0,0
40,757951,47,311,87568,27671,5021,18262,8487,1800,138697,0,0
40,757951,47,86,87568,27671,5021,18262,8487,1800,138697,0,0
40,757951,47,51,87568,27671,5021,18262,8487,1800,138697,0,0
40,757951,47,44,87568,27671,5021,18262,8487,1800,138697,0,0
40,757951,47,44,87568,27671,5021,18262,8487,1800,138697,0,0
40,757951,47,45,87568,27671,5021,18262,8487,1800,138697,0,0
40,757951,47,45,87568,27671,5021,18262,8487,1800,138697,0,0
40,1323402,47,44,57877,13261,12451,13208,10040,2074,918,51,0
40,1323402,47,45,57877,13261,12451,13208,10040,2074,918,51,0
40,1323402,47,45,57877,13261,12451,13208,10040,2074,918,51,0
40,1323402,47,-673,57877,13261,12451,13208,10040,2074,918,51,0
40,1323402,47,508,57877,13261,12451,13208,10040,2074,918,51,0
40,1323402,47,557,57877,13261,12451,13208,10040,2074,918,51,0
40,1323402,47,25,57877,13261,12451,13208,10040,2074,918,51,0
40,1323402,47,-36,57877,13261,12451,13208,10040,2074,918,51,0
40,1323402,47,204,57877,13261,12451,13208,10040,2074,918,51,0
40,1323402,47,68,57877,13261,12451,13208,10040,2074,918,51,0
40,1659151,47,22,144446,84585,210884,133305,25874,11848,94344,25,0
40,1659151,47,-51,144446,84585,210884,133305,25874,11848,94344,25,0
40,1659151,47,131,144446,84585,210884,133305,25874,11848,94344,25,0
40,1659151,47,52,144446,84585,210884,133305,25874,11848,94344,25,0
40,1659151,47,-200,144446,84585,210884,133305,25874,11848,94344,25,0
40,1659151,47,-347,144446,84585,210884,133305,25874,11848,94344,25,0
40,1659151,47,492,144446,84585,210884,133305,25874,11848,94344,25,0
40,1659151,47,155,144446,84585,210884,133305,25874,11848,94344,25,0
40,1659151,47,-130,144446,84585,210884,133305,25874,11848,94344,25,0
41,602735,38,-437,921403,33959,81473,76681,42223,4012,289985,0,0
41,602735,38,312,921403,33959,81473,76681,42223,4012,289985,0,0
41,602735,38,6,921403,33959,81473,76681,42223,4012,289985,0,0
41,602735,38,-419,921403,33959,81473,76681,42223,4012,289985,0,0
41,602735,38,-537,921403,33959,81473,76681,42223,4012,289985,0,0
41,602735,38,-193,921403,33959,81473,76681,42223,4012,289985,0,0
41,602735,38,1554,921403,33959,81473,76681,42223,4012,289985,0,0
41,602735,38,-433,921403,33959,81473,76681,42223,4012,289985,0,0
41,602735,38,-594,921403,33959,81473,76681,42223,4012,289985,0,0
41,602735,38,-343,921403,33959,81473,76681,42223,4012,289985,0,0
56,1365684,35,1029,86268,9460,64142,49863,35223,2080,256086,0,0
56,1365684,35,-117,86268,9460,64142,49863,35223,2080,256086,0,0
56,1365684,35,-568,86268,9460,64142,49863,35223,2080,256086,0,0
56,1365684,35,-177,86268,9460,64142,49863,35223,2080,256086,0,0
56,1365684,35,417,86268,9460,64142,49863,35223,2080,256086,0,0
56,1365684,35,129,86268,9460,64142,49863,35223,2080,256086,0,0
56,1365684,35,-263,86268,9460,64142,49863,35223,2080,256086,0,0
56,1365684,35,221,86268,9460,64142,49863,35223,2080,256086,0,0
56,1365684,35,848,86268,9460,64142,49863,35223,2080,256086,0,0
56,1365684,35,152,86268,9460,64142,49863,35223,2080,256086,0,0
56,586918,35,-515,21781,4736,5700,2895,3379,714,15709,26,0
56,586918,35,-344,21781,4736,5700,2895,3379,714,15709,26,0
56,586918,35,-105,21781,4736,5700,2895,3379,714,15709,26,0
56,586918,35,416,21781,4736,5700,2895,3379,714,15709,26,0
56,586918,35,-615,21781,4736,5700,2895,3379,714,15709,26,0
56,586918,35,167,21781,4736,5700,2895,3379,714,15709,26,0
56,586918,35,1117,21781,4736,5700,2895,3379,714,15709,26,0
56,586918,35,737,21781,4736,5700,2895,3379,714,15709,26,0
56,586918,35,-627,21781,4736,5700,2895,3379,714,15709,26,0
56,586918,35,-722,21781,4736,5700,2895,3379,714,15709,26,0
56,194150,35,326,17947,9137,7792,3701,1862,290,27951,26,0
56,194150,35,456,17947,9137,7792,3701,1862,290,27951,26,0
56,194150,35,1056,17947,9137,7792,3701,1862,290,27951,26,0
56,194150,35,-648,17947,9137,7792,3701,1862,290,27951,26,0
56,194150,35,-516,17947,9137,7792,3701,1862,290,27951,26,0
56,194150,35,809,17947,9137,7792,3701,1862,290,27951,26,0
56,194150,35,-347,17947,9137,7792,3701,1862,290,27951,26,0
56,194150,35,-600,17947,9137,7792,3701,1862,290,27951,26,0
56,194150,35,91,17947,9137,7792,3701,1862,290,27951,26,0
56,194150,35,242,17947,9137,7792,3701,1862,290,27951,26,0
54,2306901,47,1059,125005,101760,28901,60361,25220,2573,468187,0,0
54,2306901,47,-137,125005,101760,28901,60361,25220,2573,468187,0,0
54,2306901,47,-451,125005,101760,28901,60361,25220,2573,468187,0,0
54,2306901,47,717,125005,101760,28901,60361,25220,2573,468187,0,0
54,2306901,47,-51,125005,101760,28901,60361,25220,2573,468187,0,0
54,2306901,47,-2048,125005,101760,28901,60361,25220,2573,468187,0,0
54,2306901,47,-311,125005,101760,28901,60361,25220,2573,468187,0,0
54,2306901,47,228,125005,101760,28901,60361,25220,2573,468187,0,0
54,2306901,47,1148,125005,101760,28901,60361,25220,2573,468187,0,0
54,2306901,47,2021,125005,101760,28901,60361,25220,2573,468187,0,0
54,698611,47,-518,15693,2368,4117,4204,3131,751,18771,26,0
54,698611,47,-518,15693,2368,4117,4204,3131,751,18771,26,0
54,698611,47,1604,15693,2368,4117,4204,3131,751,18771,26,0
54,698611,47,-2048,15693,2368,4117,4204,3131,751,18771,26,0
54,698611,47,-597,15693,2368,4117,4204,3131,751,18771,26,0
54,698611,47,1432,15693,2368,4117,4204,3131,751,18771,26,0
54,698611,47,1105,15693,2368,4117,4204,3131,751,18771,26,0
54,698611,47,177,15693,2368,4117,4204,3131,751,18771,26,0
54,698611,47,-1082,15693,2368,4117,4204,3131,751,18771,26,0
54,698611,47,177,15693,2368,4117,4204,3131,751,18771,26,0
54,880134,47,-218,37456,120234,33897,57158,73565,7289,60308,51,0
54,880134,47,420,37456,120234,33897,57158,73565,7289,60308,51,0
54,880134,47,-1185,37456,120234,33897,57158,73565,7289,60308,51,0
54,880134,47,-145,37456,120234,33897,57158,73565,7289,60308,51,0
54,880134,47,17,37456,120234,33897,57158,73565,7289,60308,51,0
54,880134,47,41,37456,120234,33897,57158,73565,7289,60308,51,0
54,880134,47,2047,37456,120234,33897,57158,73565,7289,60308,51,0
54,880134,47,353,37456,120234,33897,57158,73565,7289,60308,51,0
54,880134,47,92,37456,120234,33897,57158,73565,7289,60308,51,0
54,880134,47,52,37456,120234,33897,57158,73565,7289,60308,51,0
54,1095656,47,45,251306,4531,5496,11367,12790,3161,3855,51,0
54,1095656,47,45,251306,4531,5496,11367,12790,3161,3855,51,0
54,1095656,47,45,251306,4531,5496,11367,12790,3161,3855,51,0
54,1095656,47,45,251306,4531,5496,11367,12790,3161,3855,51,0
54,1095656,47,44,251306,4531,5496,11367,12790,3161,3855,51,0
54,1095656,47,48,251306,4531,5496,11367,12790,3161,3855,51,0
54,1095656,47,42,251306,4531,5496,11367,12790,3161,3855,51,0
54,1095656,47,52,251306,4531,5496,11367,12790,3161,3855,51,0
54,1095656,47,49,251306,4531,5496,11367,12790,3161,3855,51,0
54,1095656,47,41,251306,4531,5496,11367,12790,3161,3855,51,0
54,449,47,-82,334,108,47,71,50,6,86,25,0
54,449,47,-196,334,108,47,71,50,6,86,25,0
54,449,47,53,334,108,47,71,50,6,86,25,0
54,449,47,257,334,108,47,71,50,6,86,25,0
54,449,47,86,334,108,47,71,50,6,86,25,0
54,449,47,-526,334,108,47,71,50,6,86,25,0
54,449,47,-87,334,108,47,71,50,6,86,25,0
54,449,47,518,334,108,47,71,50,6,86,25,0
54,449,47,-110,334,108,47,71,50,6,86,25,0
54,449,47,-473,334,108,47,71,50,6,86,25,0
54,268544,48,-311,19379,3148,5963,3711,1864,573,40062,0,0
54,268544,48,632,19379,3148,5963,3711,1864,573,40062,0,0
54,268544,48,461,19379,3148,5963,3711,1864,573,40062,0,0
54,268544,48,-1506,19379,3148,5963,3711,1864,573,40062,0,0
54,268544,48,-13,19379,3148,5963,3711,1864,573,40062,0,0
54,268544,48,849,19379,3148,5963,3711,1864,573,40062,0,0
54,268544,48,267,19379,3148,5963,3711,1864,573,40062,0,0
54,268544,48,-535,19379,3148,5963,3711,1864,573,40062,0,0
54,268544,48,-510,19379,3148,5963,3711,1864,573,40062,0,0
54,268544,48,-164,19379,3148,5963,3711,1864,573,40062,0,0
57,821512,83,496,40329,23831,34982,9728,6923,815,50535,0,0
57,821512,83,828,40329,23831,34982,9728,6923,815,50535,0,0
57,821512,83,-1748,40329,23831,34982,9728,6923,815,50535,0,0
57,821512,83,-231,40329,23831,34982,9728,6923,815,50535,0,0
57,821512,83,2047,40329,23831,34982,9728,6923,815,50535,0,0
57,821512,83,361,40329,23831,34982,9728,6923,815,50535,0,0
57,821512,83,96,40329,23831,34982,9728,6923,815,50535,0,0
57,821512,83,53,40329,23831,34982,9728,6923,815,50535,0,0
57,821512,83,44,40329,23831,34982,9728,6923,815,50535,0,0
57,1478528,83,43,102559,100827,58057,98601,83002,22522,20007,51,0
57,1478528,83,43,102559,100827,58057,98601,83002,22522,20007,51,0
57,1478528,83,43,102559,100827,58057,98601,83002,22522,20007,51,0
57,1478528,83,-1288,102559,100827,58057,98601,83002,22522,20007,51,0
57,1478528,83,1020,102559,100827,58057,98601,83002,22522,20007,51,0
57,1478528,83,-74,102559,100827,58057,98601,83002,22522,20007,51,0
57,1478528,83,-1051,102559,100827,58057,98601,83002,22522,20007,51,0
57,1478528,83,1288,102559,100827,58057,98601,83002,22522,20007,51,0
57,1478528,83,240,102559,100827,58057,98601,83002,22522,20007,51,0
57,1478528,83,-1036,102559,100827,58057,98601,83002,22522,20007,51,0
57,1233361,83,698,601133,83074,96237,43053,138364,35833,27595,51,0
57,1233361,83,149,601133,83074,96237,43053,138364,35833,27595,51,0
57,1233361,83,64,601133,83074,96237,43053,138364,35833,27595,51,0
57,1233361,83,51,601133,83074,96237,43053,138364,35833,27595,51,0
57,1233361,83,48,601133,83074,96237,43053,138364,35833,27595,51,0
57,1233361,83,45,601133,83074,96237,43053,138364,35833,27595,51,0
57,1233361,83,48,601133,83074,96237,43053,138364,35833,27595,51,0
57,1233361,83,-299,601133,83074,96237,43053,138364,35833,27595,51,0
57,1233361,83,-1597,601133,83074,96237,43053,138364,35833,27595,51,0
57,1233361,83,-209,601133,83074,96237,43053,138364,35833,27595,51,0
57,929836,83,970,72599,62896,59411,54310,41855,6407,2675,51,0
57,929836,83,-1547,72599,62896,59411,54310,41855,6407,2675,51,0
57,929836,83,-200,72599,62896,59411,54310,41855,6407,2675,51,0
57,929836,83,12,72599,62896,59411,54310,41855,6407,2675,51,0
57,929836,83,1985,72599,62896,59411,54310,41855,6407,2675,51,0
57,929836,83,347,72599,62896,59411,54310,41855,6407,2675,51,0
57,929836,83,92,72599,62896,59411,54310,41855,6407,2675,51,0
57,929836,83,-267,72599,62896,59411,54310,41855,6407,2675,51,0
57,929836,83,131,72599,62896,59411,54310,41855,6407,2675,51,0
57,929836,83,-881,72599,62896,59411,54310,41855,6407,2675,51,0
57,1769809,83,-310,497927,70470,77997,76044,85470,11871,9481,51,0
57,1769809,83,2047,497927,70470,77997,76044,85470,11871,9481,51,0
57,1769809,83,-411,497927,70470,77997,76044,85470,11871,9481,51,0
57,1769809,83,1037,497927,70470,77997,76044,85470,11871,9481,51,0
57,1769809,83,199,497927,70470,77997,76044,85470,11871,9481,51,0
57,1769809,83,58,497927,70470,77997,76044,85470,11871,9481,51,0
57,1769809,83,-1592,497927,70470,77997,76044,85470,11871,9481,51,0
57,1769809,83,1270,497927,70470,77997,76044,85470,11871,9481,51,0
57,1769809,83,634,497927,70470,77997,76044,85470,11871,9481,51,0
57,1769809,83,109,497927,70470,77997,76044,85470,11871,9481,51,0
57,1175711,83,-2048,46866,4911,53619,21228,14698,3099,9398,51,0
57,1175711,83,1000,46866,4911,53619,21228,14698,3099,9398,51,0
57,1175711,83,-1050,46866,4911,53619,21228,14698,3099,9398,51,0
57,1175711,83,1472,46866,4911,53619,21228,14698,3099,9398,51,0
57,1175711,83,416,46866,4911,53619,21228,14698,3099,9398,51,0
57,1175711,83,113,46866,4911,53619,21228,14698,3099,9398,51,0
57,1175711,83,59,46866,4911,53619,21228,14698,3099,9398,51,0
57,1175711,83,50,46866,4911,53619,21228,14698,3099,9398,51,0
57,1175711,83,50,46866,4911,53619,21228,14698,3099,9398,51,0
57,1175711,83,-2048,46866,4911,53619,21228,14698,3099,9398,51,0
57,1130485,83,428,409270,301446,89651,202447,149001,25541,27776,51,0
57,1130485,83,-500,409270,301446,89651,202447,149001,25541,27776,51,0
57,1130485,83,2047,409270,301446,89651,202447,149001,25541,27776,51,0
57,1130485,83,692,409270,301446,89651,202447,149001,25541,27776,51,0
57,1130485,83,208,409270,301446,89651,202447,149001,25541,27776,51,0
57,1130485,83,163,409270,301446,89651,202447,149001,25541,27776,51,0
57,1130485,83,-421,409270,301446,89651,202447,149001,25541,27776,51,0
57,1130485,83,579,409270,301446,89651,202447,149001,25541,27776,51,0
57,1130485,83,-475,409270,301446,89651,202447,149001,25541,27776,51,0
57,1130485,83,-653,409270,301446,89651,202447,149001,25541,27776,51,0
0,1105074,0,-199,108459,41935,24931,3559,11103,1255,4685,51,0
0,1105074,0,2047,108459,41935,24931,3559,11103,1255,4685,51,0
0,1105074,0,694,108459,41935,24931,3559,11103,1255,4685,51,0
0,1105074,0,-775,108459,41935,24931,3559,11103,1255,4685,51,0
0,1105074,0,672,108459,41935,24931,3559,11103,1255,4685,51,0
0,1105074,0,304,108459,41935,24931,3559,11103,1255,4685,51,0
