attention,delta,meditation,rawValue,theta,lowAlpha,highAlpha,lowBeta,highBeta,lowGamma,midGamma,poorSignal,blinkStrength
0,365902,0,1655,71937,32734,28538,56816,95512,138055,184329,200,0
0,365902,0,231,71937,32734,28538,56816,95512,138055,184329,200,0
0,365902,0,104,71937,32734,28538,56816,95512,138055,184329,200,0
0,365902,0,52,71937,32734,28538,56816,95512,138055,184329,200,0
0,365902,0,-801,71937,32734,28538,56816,95512,138055,184329,200,0
0,365902,0,738,71937,32734,28538,56816,95512,138055,184329,200,0
0,365902,0,160,71937,32734,28538,56816,95512,138055,184329,200,0
0,365902,0,67,71937,32734,28538,56816,95512,138055,184329,200,0
0,1329557,0,21,375111,8629,131483,229501,139800,39746,82494,200,0
0,1329557,0,1853,375111,8629,131483,229501,139800,39746,82494,200,0
0,1329557,0,541,375111,8629,131483,229501,139800,39746,82494,200,0
0,1329557,0,1980,375111,8629,131483,229501,139800,39746,82494,200,0
0,1329557,0,390,375111,8629,131483,229501,139800,39746,82494,200,0
0,1329557,0,99,375111,8629,131483,229501,139800,39746,82494,200,0
0,1329557,0,55,375111,8629,131483,229501,139800,39746,82494,200,0
0,1329557,0,-2048,375111,8629,131483,229501,139800,39746,82494,200,0
0,1329557,0,1306,375111,8629,131483,229501,139800,39746,82494,200,0
0,1329557,0,649,375111,8629,131483,229501,139800,39746,82494,200,0
0,341114,0,148,275296,162601,94796,156978,172783,83275,220965,200,0
0,341114,0,51,275296,162601,94796,156978,172783,83275,220965,200,0
0,341114,0,-155,275296,162601,94796,156978,172783,83275,220965,200,0
0,341114,0,1460,275296,162601,94796,156978,172783,83275,220965,200,0
0,341114,0,390,275296,162601,94796,156978,172783,83275,220965,200,0
0,341114,0,104,275296,162601,94796,156978,172783,83275,220965,200,0
0,341114,0,58,275296,162601,94796,156978,172783,83275,220965,200,0
0,341114,0,-1113,275296,162601,94796,156978,172783,83275,220965,200,0
0,341114,0,-710,275296,162601,94796,156978,172783,83275,220965,200,0
0,341114,0,1754,275296,162601,94796,156978,172783,83275,220965,200,0
0,990599,0,502,568688,41146,44673,214919,340592,136757,248488,200,0
0,990599,0,-2048,568688,41146,44673,214919,340592,136757,248488,200,0
0,990599,0,-757,568688,41146,44673,214919,340592,136757,248488,200,0
0,990599,0,1032,568688,41146,44673,214919,340592,136757,248488,200,0
0,990599,0,358,568688,41146,44673,214919,340592,136757,248488,200,0
0,990599,0,89,568688,41146,44673,214919,340592,136757,248488,200,0
0,990599,0,54,568688,41146,44673,214919,340592,136757,248488,200,0
0,990599,0,-2048,568688,41146,44673,214919,340592,136757,248488,200,0
0,990599,0,-19,568688,41146,44673,214919,340592,136757,248488,200,0
0,990599,0,790,568688,41146,44673,214919,340592,136757,248488,200,0
0,2005853,0,182,1221560,410610,344671,563818,371457,114802,585060,200,0
0,2005853,0,58,1221560,410610,344671,563818,371457,114802,585060,200,0
0,2005853,0,24,1221560,410610,344671,563818,371457,114802,585060,200,0
0,2005853,0,203,1221560,410610,344671,563818,371457,114802,585060,200,0
0,2005853,0,2047,1221560,410610,344671,563818,371457,114802,585060,200,0
0,2005853,0,405,1221560,410610,344671,563818,371457,114802,585060,200,0
0,2005853,0,114,1221560,410610,344671,563818,371457,114802,585060,200,0
0,2005853,0,91,1221560,410610,344671,563818,371457,114802,585060,200,0
0,2005853,0,-2048,1221560,410610,344671,563818,371457,114802,585060,200,0
0,2005853,0,-679,1221560,410610,344671,563818,371457,114802,585060,200,0
0,740356,0,2047,498255,102305,60764,87523,161492,66836,92140,200,0
0,740356,0,721,498255,102305,60764,87523,161492,66836,92140,200,0
0,740356,0,68,498255,102305,60764,87523,161492,66836,92140,200,0
0,740356,0,-5,498255,102305,60764,87523,161492,66836,92140,200,0
0,740356,0,-233,498255,102305,60764,87523,161492,66836,92140,200,0
0,740356,0,235,498255,102305,60764,87523,161492,66836,92140,200,0
0,740356,0,-529,498255,102305,60764,87523,161492,66836,92140,200,0
0,740356,0,2047,498255,102305,60764,87523,161492,66836,92140,200,0
0,740356,0,745,498255,102305,60764,87523,161492,66836,92140,200,0
0,740356,0,39,498255,102305,60764,87523,161492,66836,92140,200,0
0,249346,0,134,810234,76422,138216,74136,66974,80954,268716,200,0
0,249346,0,122,810234,76422,138216,74136,66974,80954,268716,200,0
0,249346,0,-433,810234,76422,138216,74136,66974,80954,268716,200,0
0,249346,0,-602,810234,76422,138216,74136,66974,80954,268716,200,0
0,249346,0,-747,810234,76422,138216,74136,66974,80954,268716,200,0
0,249346,0,2047,810234,76422,138216,74136,66974,80954,268716,200,0
0,249346,0,1417,810234,76422,138216,74136,66974,80954,268716,200,0
0,249346,0,363,810234,76422,138216,74136,66974,80954,268716,200,0
0,249346,0,141,810234,76422,138216,74136,66974,80954,268716,200,0
0,249346,0,-386,810234,76422,138216,74136,66974,80954,268716,200,0
0,787877,0,-788,512498,221337,109595,122049,175304,56663,514829,200,0
0,787877,0,1809,512498,221337,109595,122049,175304,56663,514829,200,0
0,787877,0,1244,512498,221337,109595,122049,175304,56663,514829,200,0
0,787877,0,80,512498,221337,109595,122049,175304,56663,514829,200,0
0,787877,0,-17,512498,221337,109595,122049,175304,56663,514829,200,0
0,787877,0,85,512498,221337,109595,122049,175304,56663,514829,200,0
0,787877,0,163,512498,221337,109595,122049,175304,56663,514829,200,0
0,787877,0,-2048,512498,221337,109595,122049,175304,56663,514829,200,0
0,787877,0,2047,512498,221337,109595,122049,175304,56663,514829,200,0
0,787877,0,2047,512498,221337,109595,122049,175304,56663,514829,200,0
0,1102818,0,803,203473,202699,69993,45069,88581,59793,26565,200,0
0,1102818,0,176,203473,202699,69993,45069,88581,59793,26565,200,0
0,1102818,0,86,203473,202699,69993,45069,88581,59793,26565,200,0
0,1102818,0,-202,203473,202699,69993,45069,88581,59793,26565,200,0
0,1102818,0,-2048,203473,202699,69993,45069,88581,59793,26565,200,0
0,1102818,0,-339,203473,202699,69993,45069,88581,59793,26565,200,0
0,1102818,0,1783,203473,202699,69993,45069,88581,59793,26565,200,0
0,1102818,0,1064,203473,202699,69993,45069,88581,59793,26565,200,0
0,1102818,0,233,203473,202699,69993,45069,88581,59793,26565,200,0
0,1102818,0,97,203473,202699,69993,45069,88581,59793,26565,200,0
0,928889,0,91,818298,529896,177897,155939,74833,144599,81872,200,0
0,928889,0,156,818298,529896,177897,155939,74833,144599,81872,200,0
0,928889,0,-1141,818298,529896,177897,155939,74833,144599,81872,200,0
0,928889,0,1384,818298,529896,177897,155939,74833,144599,81872,200,0
0,928889,0,-135,818298,529896,177897,155939,74833,144599,81872,200,0
0,928889,0,355,818298,529896,177897,155939,74833,144599,81872,200,0
0,928889,0,124,818298,529896,177897,155939,74833,144599,81872,200,0
0,928889,0,580,818298,529896,177897,155939,74833,144599,81872,200,0
0,928889,0,-692,818298,529896,177897,155939,74833,144599,81872,200,0
0,928889,0,200,818298,529896,177897,155939,74833,144599,81872,200,0
0,1313081,0,2047,551540,102921,273993,144659,347860,78603,923128,200,0
0,1313081,0,-1260,551540,102921,273993,144659,347860,78603,923128,200,0
0,1313081,0,897,551540,102921,273993,144659,347860,78603,923128,200,0
0,1313081,0,858,551540,102921,273993,144659,347860,78603,923128,200,0
0,1313081,0,460,551540,102921,273993,144659,347860,78603,923128,200,0
0,1313081,0,145,551540,102921,273993,144659,347860,78603,923128,200,0
0,1313081,0,-1181,551540,102921,273993,144659,347860,78603,923128,200,0
0,1313081,0,1467,551540,102921,273993,144659,347860,78603,923128,200,0
0,1313081,0,532,551540,102921,273993,144659,347860,78603,923128,200,0
0,1313081,0,131,551540,102921,273993,144659,347860,78603,923128,200,0
0,433971,0,59,587551,588796,605356,232529,263626,47052,553851,200,0
0,433971,0,-2048,587551,588796,605356,232529,263626,47052,553851,200,0
0,433971,0,2047,587551,588796,605356,232529,263626,47052,553851,200,0
0,433971,0,1434,587551,588796,605356,232529,263626,47052,553851,200,0
0,433971,0,376,587551,588796,605356,232529,263626,47052,553851,200,0
0,433971,0,73,587551,588796,605356,232529,263626,47052,553851,200,0
0,433971,0,64,587551,588796,605356,232529,263626,47052,553851,200,0
0,433971,0,-1892,587551,588796,605356,232529,263626,47052,553851,200,0
0,433971,0,2047,587551,588796,605356,232529,263626,47052,553851,200,0
0,300413,0,897,108784,31861,7168,32108,22036,33505,44094,200,0
0,300413,0,768,108784,31861,7168,32108,22036,33505,44094,200,0
0,300413,0,330,108784,31861,7168,32108,22036,33505,44094,200,0
0,300413,0,133,108784,31861,7168,32108,22036,33505,44094,200,0
0,300413,0,108,108784,31861,7168,32108,22036,33505,44094,200,0
0,300413,0,-422,108784,31861,7168,32108,22036,33505,44094,200,0
0,300413,0,1597,108784,31861,7168,32108,22036,33505,44094,200,0
0,300413,0,213,108784,31861,7168,32108,22036,33505,44094,200,0
0,300413,0,133,108784,31861,7168,32108,22036,33505,44094,200,0
0,300413,0,89,108784,31861,7168,32108,22036,33505,44094,200,0
0,459536,0,-2048,33158,1737,45357,14331,29816,12131,62432,200,0
0,459536,0,-561,33158,1737,45357,14331,29816,12131,62432,200,0
0,459536,0,838,33158,1737,45357,14331,29816,12131,62432,200,0
0,459536,0,1029,33158,1737,45357,14331,29816,12131,62432,200,0
0,459536,0,256,33158,1737,45357,14331,29816,12131,62432,200,0
0,459536,0,67,33158,1737,45357,14331,29816,12131,62432,200,0
0,459536,0,73,33158,1737,45357,14331,29816,12131,62432,200,0
0,459536,0,-2048,33158,1737,45357,14331,29816,12131,62432,200,0
0,459536,0,1107,33158,1737,45357,14331,29816,12131,62432,200,0
0,459536,0,1469,33158,1737,45357,14331,29816,12131,62432,200,0
0,1022879,0,274,69262,188110,74009,12617,94745,51755,68142,200,0
0,1022879,0,44,69262,188110,74009,12617,94745,51755,68142,200,0
0,1022879,0,60,69262,188110,74009,12617,94745,51755,68142,200,0
0,1022879,0,-1306,69262,188110,74009,12617,94745,51755,68142,200,0
0,1022879,0,1334,69262,188110,74009,12617,94745,51755,68142,200,0
0,1022879,0,1474,69262,188110,74009,12617,94745,51755,68142,200,0
0,1022879,0,476,69262,188110,74009,12617,94745,51755,68142,200,0
0,1022879,0,69,69262,188110,74009,12617,94745,51755,68142,200,0
0,1022879,0,-27,69262,188110,74009,12617,94745,51755,68142,200,0
0,1022879,0,-2048,69262,188110,74009,12617,94745,51755,68142,200,0
0,211545,0,1330,48016,22571,25171,26874,10919,17787,21038,200,0
0,211545,0,-297,48016,22571,25171,26874,10919,17787,21038,200,0
0,211545,0,422,48016,22571,25171,26874,10919,17787,21038,200,0
0,211545,0,153,48016,22571,25171,26874,10919,17787,21038,200,0
0,211545,0,84,48016,22571,25171,26874,10919,17787,21038,200,0
0,211545,0,-2048,48016,22571,25171,26874,10919,17787,21038,200,0
0,211545,0,234,48016,22571,25171,26874,10919,17787,21038,200,0
0,211545,0,-209,48016,22571,25171,26874,10919,17787,21038,200,0
0,211545,0,498,48016,22571,25171,26874,10919,17787,21038,200,0
0,211545,0,144,48016,22571,25171,26874,10919,17787,21038,200,0
0,2429962,0,85,794734,85764,115818,120865,146516,21248,271168,200,0
0,2429962,0,-2048,794734,85764,115818,120865,146516,21248,271168,200,0
0,2429962,0,-585,794734,85764,115818,120865,146516,21248,271168,200,0
0,2429962,0,773,794734,85764,115818,120865,146516,21248,271168,200,0
0,2429962,0,1148,794734,85764,115818,120865,146516,21248,271168,200,0
0,2429962,0,310,794734,85764,115818,120865,146516,21248,271168,200,0
0,2429962,0,117,794734,85764,115818,120865,146516,21248,271168,200,0
0,2429962,0,76,794734,85764,115818,120865,146516,21248,271168,200,0
0,2429962,0,-965,794734,85764,115818,120865,146516,21248,271168,200,0
0,2429962,0,-1753,794734,85764,115818,120865,146516,21248,271168,200,0
0,3009399,0,-174,589083,75969,128453,91373,135289,93524,87499,200,0
0,3009399,0,138,589083,75969,128453,91373,135289,93524,87499,200,0
0,3009399,0,1981,589083,75969,128453,91373,135289,93524,87499,200,0
0,3009399,0,519,589083,75969,128453,91373,135289,93524,87499,200,0
0,3009399,0,131,589083,75969,128453,91373,135289,93524,87499,200,0
0,3009399,0,60,589083,75969,128453,91373,135289,93524,87499,200,0
0,3009399,0,49,589083,75969,128453,91373,135289,93524,87499,200,0
0,3009399,0,-2048,589083,75969,128453,91373,135289,93524,87499,200,0
0,3009399,0,1072,589083,75969,128453,91373,135289,93524,87499,200,0
0,3009399,0,-1645,589083,75969,128453,91373,135289,93524,87499,200,0
0,742453,0,2047,142679,52759,10513,31104,22532,8317,28895,200,0
0,742453,0,667,142679,52759,10513,31104,22532,8317,28895,200,0
0,742453,0,99,142679,52759,10513,31104,22532,8317,28895,200,0
0,742453,0,48,142679,52759,10513,31104,22532,8317,28895,200,0
0,742453,0,57,142679,52759,10513,31104,22532,8317,28895,200,0
0,742453,0,-2048,142679,52759,10513,31104,22532,8317,28895,200,0
0,742453,0,613,142679,52759,10513,31104,22532,8317,28895,200,0
0,742453,0,785,142679,52759,10513,31104,22532,8317,28895,200,0
0,742453,0,417,142679,52759,10513,31104,22532,8317,28895,200,0
0,742453,0,-196,142679,52759,10513,31104,22532,8317,28895,200,0
0,1224793,0,90,256343,113114,44423,53558,35274,15546,155328,200,0
0,1224793,0,73,256343,113114,44423,53558,35274,15546,155328,200,0
0,1224793,0,117,256343,113114,44423,53558,35274,15546,155328,200,0
0,1224793,0,-278,256343,113114,44423,53558,35274,15546,155328,200,0
0,1224793,0,-1283,256343,113114,44423,53558,35274,15546,155328,200,0
0,1224793,0,-157,256343,113114,44423,53558,35274,15546,155328,200,0
0,1224793,0,1701,256343,113114,44423,53558,35274,15546,155328,200,0
0,1224793,0,148,256343,113114,44423,53558,35274,15546,155328,200,0
0,1224793,0,493,256343,113114,44423,53558,35274,15546,155328,200,0
0,1224793,0,-2048,256343,113114,44423,53558,35274,15546,155328,200,0
0,1873200,0,2047,148236,61710,79068,84677,84083,41699,52571,200,0
0,1873200,0,938,148236,61710,79068,84677,84083,41699,52571,200,0
0,1873200,0,217,148236,61710,79068,84677,84083,41699,52571,200,0
0,1873200,0,73,148236,61710,79068,84677,84083,41699,52571,200,0
0,1873200,0,48,148236,61710,79068,84677,84083,41699,52571,200,0
0,1873200,0,48,148236,61710,79068,84677,84083,41699,52571,200,0
0,1873200,0,-140,148236,61710,79068,84677,84083,41699,52571,200,0
0,1873200,0,-370,148236,61710,79068,84677,84083,41699,52571,200,0
0,1873200,0,2047,148236,61710,79068,84677,84083,41699,52571,200,0
0,1873200,0,674,148236,61710,79068,84677,84083,41699,52571,200,0
0,465650,0,1369,260590,101337,89956,424039,270916,109344,138145,200,0
0,465650,0,969,260590,101337,89956,424039,270916,109344,138145,200,0
0,465650,0,263,260590,101337,89956,424039,270916,109344,138145,200,0
0,465650,0,91,260590,101337,89956,424039,270916,109344,138145,200,0
0,465650,0,43,260590,101337,89956,424039,270916,109344,138145,200,0
0,465650,0,-1035,260590,101337,89956,424039,270916,109344,138145,200,0
0,465650,0,1707,260590,101337,89956,424039,270916,109344,138145,200,0
0,465650,0,486,260590,101337,89956,424039,270916,109344,138145,200,0
0,465650,0,138,260590,101337,89956,424039,270916,109344,138145,200,0
0,465650,0,66,260590,101337,89956,424039,270916,109344,138145,200,0
0,812898,0,-1468,182668,163220,45098,55724,89798,50170,161933,200,0
0,812898,0,2047,182668,163220,45098,55724,89798,50170,161933,200,0
0,812898,0,1257,182668,163220,45098,55724,89798,50170,161933,200,0
0,812898,0,322,182668,163220,45098,55724,89798,50170,161933,200,0
0,812898,0,90,182668,163220,45098,55724,89798,50170,161933,200,0
0,812898,0,24,182668,163220,45098,55724,89798,50170,161933,200,0
0,812898,0,-2048,182668,163220,45098,55724,89798,50170,161933,200,0
0,812898,0,-723,182668,163220,45098,55724,89798,50170,161933,200,0
0,812898,0,2034,182668,163220,45098,55724,89798,50170,161933,200,0
0,702905,0,557,675960,148434,240170,190648,54339,77505,170400,200,0
0,702905,0,160,675960,148434,240170,190648,54339,77505,170400,200,0
0,702905,0,82,675960,148434,240170,190648,54339,77505,170400,200,0
0,702905,0,60,675960,148434,240170,190648,54339,77505,170400,200,0
0,702905,0,72,675960,148434,240170,190648,54339,77505,170400,200,0
0,702905,0,-33,675960,148434,240170,190648,54339,77505,170400,200,0
0,702905,0,-1170,675960,148434,240170,190648,54339,77505,170400,200,0
0,702905,0,522,675960,148434,240170,190648,54339,77505,170400,200,0
0,702905,0,1012,675960,148434,240170,190648,54339,77505,170400,200,0
0,702905,0,737,675960,148434,240170,190648,54339,77505,170400,200,0
0,1084640,0,123,22196,25660,26948,6923,15197,5698,11791,200,0
0,1084640,0,55,22196,25660,26948,6923,15197,5698,11791,200,0
0,1084640,0,56,22196,25660,26948,6923,15197,5698,11791,200,0
0,1084640,0,116,22196,25660,26948,6923,15197,5698,11791,200,0
0,1084640,0,215,22196,25660,26948,6923,15197,5698,11791,200,0
0,1084640,0,-388,22196,25660,26948,6923,15197,5698,11791,200,0
0,1084640,0,-1621,22196,25660,26948,6923,15197,5698,11791,200,0
0,1084640,0,-212,22196,25660,26948,6923,15197,5698,11791,200,0
0,1084640,0,-742,22196,25660,26948,6923,15197,5698,11791,200,0
0,1084640,0,1821,22196,25660,26948,6923,15197,5698,11791,200,0
0,1855400,0,-1649,1958865,156764,617721,464524,275128,18910,1401414,200,0
0,1855400,0,-1689,1958865,156764,617721,464524,275128,18910,1401414,200,0
0,1855400,0,-956,1958865,156764,617721,464524,275128,18910,1401414,200,0
0,1855400,0,-1426,1958865,156764,617721,464524,275128,18910,1401414,200,0
0,1855400,0,1436,1958865,156764,617721,464524,275128,18910,1401414,200,0
0,1855400,0,2047,1958865,156764,617721,464524,275128,18910,1401414,200,0
0,1855400,0,444,1958865,156764,617721,464524,275128,18910,1401414,200,0
0,1855400,0,150,1958865,156764,617721,464524,275128,18910,1401414,200,0
0,1855400,0,65,1958865,156764,617721,464524,275128,18910,1401414,200,0
0,1855400,0,50,1958865,156764,617721,464524,275128,18910,1401414,200,0
0,448447,0,-2048,93197,110526,22517,78835,81159,18807,77596,200,0
0,448447,0,1368,93197,110526,22517,78835,81159,18807,77596,200,0
0,448447,0,685,93197,110526,22517,78835,81159,18807,77596,200,0
0,448447,0,183,93197,110526,22517,78835,81159,18807,77596,200,0
0,448447,0,68,93197,110526,22517,78835,81159,18807,77596,200,0
0,448447,0,52,93197,110526,22517,78835,81159,18807,77596,200,0
0,448447,0,57,93197,110526,22517,78835,81159,18807,77596,200,0
0,448447,0,29,93197,110526,22517,78835,81159,18807,77596,200,0
0,448447,0,-2048,93197,110526,22517,78835,81159,18807,77596,200,0
0,448447,0,1946,93197,110526,22517,78835,81159,18807,77596,200,0
0,2114534,0,1978,210841,111476,31285,107027,204102,108757,124640,200,0
0,2114534,0,554,210841,111476,31285,107027,204102,108757,124640,200,0
0,2114534,0,117,210841,111476,31285,107027,204102,108757,124640,200,0
0,2114534,0,45,210841,111476,31285,107027,204102,108757,124640,200,0
0,2114534,0,59,210841,111476,31285,107027,204102,108757,124640,200,0
0,2114534,0,87,210841,111476,31285,107027,204102,108757,124640,200,0
0,2114534,0,183,210841,111476,31285,107027,204102,108757,124640,200,0
0,2114534,0,179,210841,111476,31285,107027,204102,108757,124640,200,0
0,2114534,0,-2048,210841,111476,31285,107027,204102,108757,124640,200,0
0,2114534,0,-398,210841,111476,31285,107027,204102,108757,124640,200,0
0,867101,0,2047,27678,10479,1764,5625,11080,3022,28853,200,0
0,867101,0,971,27678,10479,1764,5625,11080,3022,28853,200,0
0,867101,0,169,27678,10479,1764,5625,11080,3022,28853,200,0
0,867101,0,28,27678,10479,1764,5625,11080,3022,28853,200,0
0,867101,0,65,27678,10479,1764,5625,11080,3022,28853,200,0
0,867101,0,75,27678,10479,1764,5625,11080,3022,28853,200,0
0,867101,0,112,27678,10479,1764,5625,11080,3022,28853,200,0
0,867101,0,156,27678,10479,1764,5625,11080,3022,28853,200,0
0,867101,0,-515,27678,10479,1764,5625,11080,3022,28853,200,0
0,867101,0,-1832,27678,10479,1764,5625,11080,3022,28853,200,0
0,402124,0,784,95436,27478,52467,9293,30637,4886,165594,200,0
0,402124,0,1553,95436,27478,52467,9293,30637,4886,165594,200,0
0,402124,0,507,95436,27478,52467,9293,30637,4886,165594,200,0
0,402124,0,107,95436,27478,52467,9293,30637,4886,165594,200,0
0,402124,0,26,95436,27478,52467,9293,30637,4886,165594,200,0
0,402124,0,66,95436,27478,52467,9293,30637,4886,165594,200,0
0,402124,0,87,95436,27478,52467,9293,30637,4886,165594,200,0
0,402124,0,91,95436,27478,52467,9293,30637,4886,165594,200,0
0,402124,0,-2048,95436,27478,52467,9293,30637,4886,165594,200,0
0,402124,0,-435,95436,27478,52467,9293,30637,4886,165594,200,0
0,504832,0,2047,38544,27242,35367,12713,14112,11079,19050,200,0
0,504832,0,706,38544,27242,35367,12713,14112,11079,19050,200,0
0,504832,0,162,38544,27242,35367,12713,14112,11079,19050,200,0
0,504832,0,40,38544,27242,35367,12713,14112,11079,19050,200,0
0,504832,0,17,38544,27242,35367,12713,14112,11079,19050,200,0
0,504832,0,56,38544,27242,35367,12713,14112,11079,19050,200,0
0,504832,0,91,38544,27242,35367,12713,14112,11079,19050,200,0
0,504832,0,-2048,38544,27242,35367,12713,14112,11079,19050,200,0
0,504832,0,304,38544,27242,35367,12713,14112,11079,19050,200,0
0,504832,0,1121,38544,27242,35367,12713,14112,11079,19050,200,0
0,671533,0,697,242662,29194,39742,31182,16057,16475,33501,200,0
0,671533,0,154,242662,29194,39742,31182,16057,16475,33501,200,0
0,671533,0,65,242662,29194,39742,31182,16057,16475,33501,200,0
0,671533,0,50,242662,29194,39742,31182,16057,16475,33501,200,0
0,671533,0,2,242662,29194,39742,31182,16057,16475,33501,200,0
0,671533,0,73,242662,29194,39742,31182,16057,16475,33501,200,0
0,671533,0,-462,242662,29194,39742,31182,16057,16475,33501,200,0
0,671533,0,1125,242662,29194,39742,31182,16057,16475,33501,200,0
0,671533,0,2047,242662,29194,39742,31182,16057,16475,33501,200,0
0,671533,0,681,242662,29194,39742,31182,16057,16475,33501,200,0
0,546674,0,180,86859,40594,32196,20702,20204,26693,62332,200,0
0,546674,0,166,86859,40594,32196,20702,20204,26693,62332,200,0
0,546674,0,353,86859,40594,32196,20702,20204,26693,62332,200,0
0,546674,0,-108,86859,40594,32196,20702,20204,26693,62332,200,0
0,546674,0,-451,86859,40594,32196,20702,20204,26693,62332,200,0
0,546674,0,-174,86859,40594,32196,20702,20204,26693,62332,200,0
0,546674,0,-596,86859,40594,32196,20702,20204,26693,62332,200,0
0,546674,0,-949,86859,40594,32196,20702,20204,26693,62332,200,0
0,546674,0,341,86859,40594,32196,20702,20204,26693,62332,200,0
0,546674,0,2047,86859,40594,32196,20702,20204,26693,62332,200,0
0,834970,0,560,87003,41630,25873,8084,27341,879,146920,200,0
0,834970,0,209,87003,41630,25873,8084,27341,879,146920,200,0
0,834970,0,97,87003,41630,25873,8084,27341,879,146920,200,0
0,834970,0,82,87003,41630,25873,8084,27341,879,146920,200,0
0,834970,0,-26,87003,41630,25873,8084,27341,879,146920,200,0
0,834970,0,-105,87003,41630,25873,8084,27341,879,146920,200,0
0,834970,0,-1858,87003,41630,25873,8084,27341,879,146920,200,0
0,834970,0,-806,87003,41630,25873,8084,27341,879,146920,200,0
0,834970,0,2047,87003,41630,25873,8084,27341,879,146920,200,0
0,1170686,0,502,50191,43911,33436,39356,62015,53702,162451,200,0
0,1170686,0,308,50191,43911,33436,39356,62015,53702,162451,200,0
0,1170686,0,135,50191,43911,33436,39356,62015,53702,162451,200,0
0,1170686,0,84,50191,43911,33436,39356,62015,53702,162451,200,0
0,1170686,0,36,50191,43911,33436,39356,62015,53702,162451,200,0
0,1170686,0,-8,50191,43911,33436,39356,62015,53702,162451,200,0
0,1170686,0,-2048,50191,43911,33436,39356,62015,53702,162451,200,0
0,1170686,0,-330,50191,43911,33436,39356,62015,53702,162451,200,0
0,1170686,0,-792,50191,43911,33436,39356,62015,53702,162451,200,0
0,1170686,0,18,50191,43911,33436,39356,62015,53702,162451,200,0
0,1720880,0,18,269639,9754,136694,47233,51022,17793,60972,80,0
0,1720880,0,258,269639,9754,136694,47233,51022,17793,60972,80,0
0,1720880,0,457,269639,9754,136694,47233,51022,17793,60972,80,0
0,1720880,0,-1411,269639,9754,136694,47233,51022,17793,60972,80,0
0,1720880,0,700,269639,9754,136694,47233,51022,17793,60972,80,0
0,1720880,0,2001,269639,9754,136694,47233,51022,17793,60972,80,0
0,1720880,0,466,269639,9754,136694,47233,51022,17793,60972,80,0
0,1720880,0,114,269639,9754,136694,47233,51022,17793,60972,80,0
0,1720880,0,58,269639,9754,136694,47233,51022,17793,60972,80,0
0,1720880,0,51,269639,9754,136694,47233,51022,17793,60972,80,0
0,1491576,0,-59,424117,14096,55107,58139,25616,10727,279642,51,0
0,1491576,0,-2048,424117,14096,55107,58139,25616,10727,279642,51,0
0,1491576,0,-354,424117,14096,55107,58139,25616,10727,279642,51,0
0,1491576,0,2047,424117,14096,55107,58139,25616,10727,279642,51,0
0,1491576,0,624,424117,14096,55107,58139,25616,10727,279642,51,0
0,1491576,0,121,424117,14096,55107,58139,25616,10727,279642,51,0
0,1491576,0,56,424117,14096,55107,58139,25616,10727,279642,51,0
0,1491576,0,27,424117,14096,55107,58139,25616,10727,279642,51,0
0,1491576,0,-1765,424117,14096,55107,58139,25616,10727,279642,51,0
0,1491576,0,1890,424117,14096,55107,58139,25616,10727,279642,51,0
0,1404136,0,749,546928,437334,384234,98600,166982,59371,721321,51,0
0,1404136,0,132,546928,437334,384234,98600,166982,59371,721321,51,0
0,1404136,0,87,546928,437334,384234,98600,166982,59371,721321,51,0
0,1404136,0,66,546928,437334,384234,98600,166982,59371,721321,51,0
0,1404136,0,-2048,546928,437334,384234,98600,166982,59371,721321,51,0
0,1404136,0,-317,546928,437334,384234,98600,166982,59371,721321,51,0
0,1404136,0,1378,546928,437334,384234,98600,166982,59371,721321,51,0
0,1404136,0,982,546928,437334,384234,98600,166982,59371,721321,51,0
0,1404136,0,208,546928,437334,384234,98600,166982,59371,721321,51,0
0,1404136,0,-1233,546928,437334,384234,98600,166982,59371,721321,51,0
0,1134227,0,1284,61623,8611,12717,7712,13297,2997,15149,51,0
0,1134227,0,785,61623,8611,12717,7712,13297,2997,15149,51,0
0,1134227,0,147,61623,8611,12717,7712,13297,2997,15149,51,0
0,1134227,0,60,61623,8611,12717,7712,13297,2997,15149,51,0
0,1134227,0,-2048,61623,8611,12717,7712,13297,2997,15149,51,0
0,1134227,0,2047,61623,8611,12717,7712,13297,2997,15149,51,0
0,1134227,0,940,61623,8611,12717,7712,13297,2997,15149,51,0
0,1134227,0,171,61623,8611,12717,7712,13297,2997,15149,51,0
0,1134227,0,60,61623,8611,12717,7712,13297,2997,15149,51,0
0,1134227,0,51,61623,8611,12717,7712,13297,2997,15149,51,0
0,172234,0,55,18526,3674,1510,7577,10283,2821,12602,51,0
0,172234,0,-1714,18526,3674,1510,7577,10283,2821,12602,51,0
0,172234,0,938,18526,3674,1510,7577,10283,2821,12602,51,0
0,172234,0,1096,18526,3674,1510,7577,10283,2821,12602,51,0
0,172234,0,234,18526,3674,1510,7577,10283,2821,12602,51,0
0,172234,0,76,18526,3674,1510,7577,10283,2821,12602,51,0
0,172234,0,53,18526,3674,1510,7577,10283,2821,12602,51,0
0,172234,0,-680,18526,3674,1510,7577,10283,2821,12602,51,0
0,172234,0,-646,18526,3674,1510,7577,10283,2821,12602,51,0
0,172234,0,628,18526,3674,1510,7577,10283,2821,12602,51,0
0,2841755,0,1258,990084,176455,245995,207653,222104,135288,393824,51,0
0,2841755,0,257,990084,176455,245995,207653,222104,135288,393824,51,0
0,2841755,0,82,990084,176455,245995,207653,222104,135288,393824,51,0
0,2841755,0,42,990084,176455,245995,207653,222104,135288,393824,51,0
0,2841755,0,-1339,990084,176455,245995,207653,222104,135288,393824,51,0
0,2841755,0,2047,990084,176455,245995,207653,222104,135288,393824,51,0
0,2841755,0,1296,990084,176455,245995,207653,222104,135288,393824,51,0
0,2841755,0,345,990084,176455,245995,207653,222104,135288,393824,51,0
0,2841755,0,82,990084,176455,245995,207653,222104,135288,393824,51,0
0,2841755,0,-2048,990084,176455,245995,207653,222104,135288,393824,51,0
0,297341,0,-573,5114,3583,4949,6089,3954,720,6844,51,0
0,297341,0,866,5114,3583,4949,6089,3954,720,6844,51,0
0,297341,0,567,5114,3583,4949,6089,3954,720,6844,51,0
0,297341,0,138,5114,3583,4949,6089,3954,720,6844,51,0
0,297341,0,64,5114,3583,4949,6089,3954,720,6844,51,0
0,297341,0,51,5114,3583,4949,6089,3954,720,6844,51,0
0,297341,0,-946,5114,3583,4949,6089,3954,720,6844,51,0
0,297341,0,1729,5114,3583,4949,6089,3954,720,6844,51,0
0,297341,0,771,5114,3583,4949,6089,3954,720,6844,51,0
0,297341,0,150,5114,3583,4949,6089,3954,720,6844,51,0
0,1294142,0,66,309854,21000,75512,268020,81276,43020,121360,51,0
0,1294142,0,51,309854,21000,75512,268020,81276,43020,121360,51,0
0,1294142,0,-2048,309854,21000,75512,268020,81276,43020,121360,51,0
0,1294142,0,-428,309854,21000,75512,268020,81276,43020,121360,51,0
0,1294142,0,1044,309854,21000,75512,268020,81276,43020,121360,51,0
0,1294142,0,760,309854,21000,75512,268020,81276,43020,121360,51,0
0,1294142,0,234,309854,21000,75512,268020,81276,43020,121360,51,0
0,1294142,0,-2048,309854,21000,75512,268020,81276,43020,121360,51,0
0,1294142,0,-454,309854,21000,75512,268020,81276,43020,121360,51,0
0,1294142,0,679,309854,21000,75512,268020,81276,43020,121360,51,0
0,934593,0,1257,188602,109666,221495,18409,66772,16126,251058,51,0
0,934593,0,242,188602,109666,221495,18409,66772,16126,251058,51,0
0,934593,0,-1188,188602,109666,221495,18409,66772,16126,251058,51,0
0,934593,0,-1161,188602,109666,221495,18409,66772,16126,251058,51,0
0,934593,0,1480,188602,109666,221495,18409,66772,16126,251058,51,0
0,934593,0,663,188602,109666,221495,18409,66772,16126,251058,51,0
0,934593,0,145,188602,109666,221495,18409,66772,16126,251058,51,0
0,934593,0,67,188602,109666,221495,18409,66772,16126,251058,51,0
0,934593,0,54,188602,109666,221495,18409,66772,16126,251058,51,0
0,934593,0,-2048,188602,109666,221495,18409,66772,16126,251058,51,0
0,145014,0,-662,15773,2811,2670,3597,6325,1967,4225,51,0
0,145014,0,2047,15773,2811,2670,3597,6325,1967,4225,51,0
0,145014,0,758,15773,2811,2670,3597,6325,1967,4225,51,0
0,145014,0,179,15773,2811,2670,3597,6325,1967,4225,51,0
0,145014,0,60,15773,2811,2670,3597,6325,1967,4225,51,0
0,145014,0,53,15773,2811,2670,3597,6325,1967,4225,51,0
0,145014,0,-1426,15773,2811,2670,3597,6325,1967,4225,51,0
0,145014,0,-758,15773,2811,2670,3597,6325,1967,4225,51,0
0,145014,0,873,15773,2811,2670,3597,6325,1967,4225,51,0
0,809685,0,1332,118858,17264,42568,28131,26378,18080,31646,51,0
0,809685,0,309,118858,17264,42568,28131,26378,18080,31646,51,0
0,809685,0,89,118858,17264,42568,28131,26378,18080,31646,51,0
0,809685,0,-2048,118858,17264,42568,28131,26378,18080,31646,51,0
0,809685,0,-455,118858,17264,42568,28131,26378,18080,31646,51,0
0,809685,0,342,118858,17264,42568,28131,26378,18080,31646,51,0
0,809685,0,1316,118858,17264,42568,28131,26378,18080,31646,51,0
0,809685,0,260,118858,17264,42568,28131,26378,18080,31646,51,0
0,809685,0,-1739,118858,17264,42568,28131,26378,18080,31646,51,0
0,809685,0,-426,118858,17264,42568,28131,26378,18080,31646,51,0
0,1350519,0,1176,178718,13056,6157,12303,5332,1077,21766,51,0
0,1350519,0,363,178718,13056,6157,12303,5332,1077,21766,51,0
0,1350519,0,96,178718,13056,6157,12303,5332,1077,21766,51,0
0,1350519,0,56,178718,13056,6157,12303,5332,1077,21766,51,0
0,1350519,0,-2048,178718,13056,6157,12303,5332,1077,21766,51,0
0,1350519,0,-251,178718,13056,6157,12303,5332,1077,21766,51,0
0,1350519,0,1085,178718,13056,6157,12303,5332,1077,21766,51,0
0,1350519,0,818,178718,13056,6157,12303,5332,1077,21766,51,0
0,1350519,0,169,178718,13056,6157,12303,5332,1077,21766,51,0
0,1350519,0,55,178718,13056,6157,12303,5332,1077,21766,51,0
0,1626802,0,-1794,298799,108263,52837,57904,21965,22349,87519,51,0
0,1626802,0,2042,298799,108263,52837,57904,21965,22349,87519,51,0
0,1626802,0,1207,298799,108263,52837,57904,21965,22349,87519,51,0
0,1626802,0,221,298799,108263,52837,57904,21965,22349,87519,51,0
0,1626802,0,74,298799,108263,52837,57904,21965,22349,87519,51,0
0,1626802,0,-2048,298799,108263,52837,57904,21965,22349,87519,51,0
0,1626802,0,1188,298799,108263,52837,57904,21965,22349,87519,51,0
0,1626802,0,1059,298799,108263,52837,57904,21965,22349,87519,51,0
0,1626802,0,684,298799,108263,52837,57904,21965,22349,87519,51,0
0,1626802,0,161,298799,108263,52837,57904,21965,22349,87519,51,0
0,1127285,0,61,176871,72122,26984,19635,24843,3969,26252,51,0
0,1127285,0,-1452,176871,72122,26984,19635,24843,3969,26252,51,0
0,1127285,0,-629,176871,72122,26984,19635,24843,3969,26252,51,0
0,1127285,0,1539,176871,72122,26984,19635,24843,3969,26252,51,0
0,1127285,0,918,176871,72122,26984,19635,24843,3969,26252,51,0
0,1127285,0,235,176871,72122,26984,19635,24843,3969,26252,51,0
0,1127285,0,32,176871,72122,26984,19635,24843,3969,26252,51,0
0,1127285,0,26,176871,72122,26984,19635,24843,3969,26252,51,0
0,1127285,0,-737,176871,72122,26984,19635,24843,3969,26252,51,0
0,1127285,0,1543,176871,72122,26984,19635,24843,3969,26252,51,0
0,685976,0,1623,82695,126958,48962,36426,40023,6402,164883,51,0
0,685976,0,308,82695,126958,48962,36426,40023,6402,164883,51,0
0,685976,0,200,82695,126958,48962,36426,40023,6402,164883,51,0
0,685976,0,252,82695,126958,48962,36426,40023,6402,164883,51,0
0,685976,0,129,82695,126958,48962,36426,40023,6402,164883,51,0
0,685976,0,-2048,82695,126958,48962,36426,40023,6402,164883,51,0
0,685976,0,-567,82695,126958,48962,36426,40023,6402,164883,51,0
0,685976,0,1908,82695,126958,48962,36426,40023,6402,164883,51,0
0,685976,0,746,82695,126958,48962,36426,40023,6402,164883,51,0
0,685976,0,170,82695,126958,48962,36426,40023,6402,164883,51,0
0,418348,0,58,30584,4125,2172,1321,2182,962,9916,51,0
0,418348,0,-1543,30584,4125,2172,1321,2182,962,9916,51,0
0,418348,0,-846,30584,4125,2172,1321,2182,962,9916,51,0
0,418348,0,1452,30584,4125,2172,1321,2182,962,9916,51,0
0,418348,0,1779,30584,4125,2172,1321,2182,962,9916,51,0
0,418348,0,371,30584,4125,2172,1321,2182,962,9916,51,0
0,418348,0,93,30584,4125,2172,1321,2182,962,9916,51,0
0,418348,0,49,30584,4125,2172,1321,2182,962,9916,51,0
0,418348,0,-1768,30584,4125,2172,1321,2182,962,9916,51,0
0,418348,0,2047,30584,4125,2172,1321,2182,962,9916,51,0
0,1907389,0,1906,380292,18444,17501,71455,38930,13660,95324,51,0
0,1907389,0,380,380292,18444,17501,71455,38930,13660,95324,51,0
0,1907389,0,101,380292,18444,17501,71455,38930,13660,95324,51,0
0,1907389,0,56,380292,18444,17501,71455,38930,13660,95324,51,0
0,1907389,0,53,380292,18444,17501,71455,38930,13660,95324,51,0
0,1907389,0,-2048,380292,18444,17501,71455,38930,13660,95324,51,0
0,1907389,0,-285,380292,18444,17501,71455,38930,13660,95324,51,0
0,1907389,0,-25,380292,18444,17501,71455,38930,13660,95324,51,0
0,1907389,0,1344,380292,18444,17501,71455,38930,13660,95324,51,0
0,1907389,0,672,380292,18444,17501,71455,38930,13660,95324,51,0
0,1652815,0,-2048,7442,7728,5943,5423,3837,1265,14668,51,0
0,1652815,0,-252,7442,7728,5943,5423,3837,1265,14668,51,0
0,1652815,0,468,7442,7728,5943,5423,3837,1265,14668,51,0
0,1652815,0,853,7442,7728,5943,5423,3837,1265,14668,51,0
0,1652815,0,226,7442,7728,5943,5423,3837,1265,14668,51,0
0,1652815,0,67,7442,7728,5943,5423,3837,1265,14668,51,0
0,1652815,0,-2048,7442,7728,5943,5423,3837,1265,14668,51,0
0,1652815,0,-667,7442,7728,5943,5423,3837,1265,14668,51,0
0,1652815,0,1258,7442,7728,5943,5423,3837,1265,14668,51,0
0,1652815,0,1018,7442,7728,5943,5423,3837,1265,14668,51,0
0,684430,0,195,301172,136469,134011,36171,41438,14110,102956,51,0
0,684430,0,68,301172,136469,134011,36171,41438,14110,102956,51,0
0,684430,0,52,301172,136469,134011,36171,41438,14110,102956,51,0
0,684430,0,469,301172,136469,134011,36171,41438,14110,102956,51,0
0,684430,0,152,301172,136469,134011,36171,41438,14110,102956,51,0
0,684430,0,705,301172,136469,134011,36171,41438,14110,102956,51,0
0,684430,0,358,301172,136469,134011,36171,41438,14110,102956,51,0
0,684430,0,-1831,301172,136469,134011,36171,41438,14110,102956,51,0
0,684430,0,467,301172,136469,134011,36171,41438,14110,102956,51,0
0,684430,0,881,301172,136469,134011,36171,41438,14110,102956,51,0
0,1061680,0,187,327971,28273,127885,30493,76955,6126,365344,51,0
0,1061680,0,-125,327971,28273,127885,30493,76955,6126,365344,51,0
0,1061680,0,-2048,327971,28273,127885,30493,76955,6126,365344,51,0
0,1061680,0,-539,327971,28273,127885,30493,76955,6126,365344,51,0
0,1061680,0,1620,327971,28273,127885,30493,76955,6126,365344,51,0
0,1061680,0,1660,327971,28273,127885,30493,76955,6126,365344,51,0
0,1061680,0,314,327971,28273,127885,30493,76955,6126,365344,51,0
0,1061680,0,23,327971,28273,127885,30493,76955,6126,365344,51,0
0,1061680,0,-1143,327971,28273,127885,30493,76955,6126,365344,51,0
0,1498882,0,1977,440161,145123,23693,24140,35507,21321,111934,51,0
0,1498882,0,469,440161,145123,23693,24140,35507,21321,111934,51,0
0,1498882,0,114,440161,145123,23693,24140,35507,21321,111934,51,0
0,1498882,0,57,440161,145123,23693,24140,35507,21321,111934,51,0
0,1498882,0,49,440161,145123,23693,24140,35507,21321,111934,51,0
0,1498882,0,52,440161,145123,23693,24140,35507,21321,111934,51,0
0,1498882,0,-2048,440161,145123,23693,24140,35507,21321,111934,51,0
0,1498882,0,-497,440161,145123,23693,24140,35507,21321,111934,51,0
0,1498882,0,993,440161,145123,23693,24140,35507,21321,111934,51,0
0,1498882,0,1257,440161,145123,23693,24140,35507,21321,111934,51,0
0,1493093,0,246,89251,47251,51414,51662,52210,7457,28210,51,0
0,1493093,0,82,89251,47251,51414,51662,52210,7457,28210,51,0
0,1493093,0,58,89251,47251,51414,51662,52210,7457,28210,51,0
0,1493093,0,-2048,89251,47251,51414,51662,52210,7457,28210,51,0
0,1493093,0,-614,89251,47251,51414,51662,52210,7457,28210,51,0
0,1493093,0,2047,89251,47251,51414,51662,52210,7457,28210,51,0
0,1493093,0,842,89251,47251,51414,51662,52210,7457,28210,51,0
0,1493093,0,194,89251,47251,51414,51662,52210,7457,28210,51,0
0,1493093,0,75,89251,47251,51414,51662,52210,7457,28210,51,0
0,1493093,0,57,89251,47251,51414,51662,52210,7457,28210,51,0
0,2005117,0,85,187202,17407,26617,24152,60361,5735,153861,51,0
0,2005117,0,-2048,187202,17407,26617,24152,60361,5735,153861,51,0
0,2005117,0,343,187202,17407,26617,24152,60361,5735,153861,51,0
0,2005117,0,1720,187202,17407,26617,24152,60361,5735,153861,51,0
0,2005117,0,364,187202,17407,26617,24152,60361,5735,153861,51,0
0,2005117,0,106,187202,17407,26617,24152,60361,5735,153861,51,0
0,2005117,0,-2048,187202,17407,26617,24152,60361,5735,153861,51,0
0,2005117,0,101,187202,17407,26617,24152,60361,5735,153861,51,0
0,2005117,0,1961,187202,17407,26617,24152,60361,5735,153861,51,0
0,2005117,0,486,187202,17407,26617,24152,60361,5735,153861,51,0
0,2087383,0,132,102610,4916,20987,32426,55229,9759,70767,51,0
0,2087383,0,60,102610,4916,20987,32426,55229,9759,70767,51,0
0,2087383,0,-1492,102610,4916,20987,32426,55229,9759,70767,51,0
0,2087383,0,651,102610,4916,20987,32426,55229,9759,70767,51,0
0,2087383,0,1421,102610,4916,20987,32426,55229,9759,70767,51,0
0,2087383,0,327,102610,4916,20987,32426,55229,9759,70767,51,0
0,2087383,0,93,102610,4916,20987,32426,55229,9759,70767,51,0
0,2087383,0,56,102610,4916,20987,32426,55229,9759,70767,51,0
0,2087383,0,-1825,102610,4916,20987,32426,55229,9759,70767,51,0
0,2087383,0,1127,102610,4916,20987,32426,55229,9759,70767,51,0
0,760394,0,1538,650831,68182,53183,49124,53569,3775,77385,51,0
0,760394,0,240,650831,68182,53183,49124,53569,3775,77385,51,0
0,760394,0,85,650831,68182,53183,49124,53569,3775,77385,51,0
0,760394,0,-2048,650831,68182,53183,49124,53569,3775,77385,51,0
0,760394,0,679,650831,68182,53183,49124,53569,3775,77385,51,0
0,760394,0,1171,650831,68182,53183,49124,53569,3775,77385,51,0
0,760394,0,387,650831,68182,53183,49124,53569,3775,77385,51,0
0,760394,0,137,650831,68182,53183,49124,53569,3775,77385,51,0
0,760394,0,74,650831,68182,53183,49124,53569,3775,77385,51,0
0,760394,0,-1490,650831,68182,53183,49124,53569,3775,77385,51,0
0,1862786,0,1853,1592558,162552,148496,81537,52186,15838,71863,51,0
0,1862786,0,1185,1592558,162552,148496,81537,52186,15838,71863,51,0
0,1862786,0,272,1592558,162552,148496,81537,52186,15838,71863,51,0
0,1862786,0,84,1592558,162552,148496,81537,52186,15838,71863,51,0
0,1862786,0,2,1592558,162552,148496,81537,52186,15838,71863,51,0
0,1862786,0,-1237,1592558,162552,148496,81537,52186,15838,71863,51,0
0,1862786,0,2047,1592558,162552,148496,81537,52186,15838,71863,51,0
0,1862786,0,1076,1592558,162552,148496,81537,52186,15838,71863,51,0
0,1862786,0,242,1592558,162552,148496,81537,52186,15838,71863,51,0
0,1862786,0,812,1592558,162552,148496,81537,52186,15838,71863,51,0
0,1105950,0,459,343299,22820,96432,54421,60353,7410,136619,51,0
0,1105950,0,-75,343299,22820,96432,54421,60353,7410,136619,51,0
0,1105950,0,-1500,343299,22820,96432,54421,60353,7410,136619,51,0
0,1105950,0,-193,343299,22820,96432,54421,60353,7410,136619,51,0
0,1105950,0,413,343299,22820,96432,54421,60353,7410,136619,51,0
0,1105950,0,1154,343299,22820,96432,54421,60353,7410,136619,51,0
0,1105950,0,182,343299,22820,96432,54421,60353,7410,136619,51,0
0,1105950,0,-2048,343299,22820,96432,54421,60353,7410,136619,51,0
0,1105950,0,-197,343299,22820,96432,54421,60353,7410,136619,51,0
0,1105950,0,1684,343299,22820,96432,54421,60353,7410,136619,51,0
0,1405102,0,571,209413,14585,172815,118716,121242,7923,153708,51,0
0,1405102,0,113,209413,14585,172815,118716,121242,7923,153708,51,0
0,1405102,0,56,209413,14585,172815,118716,121242,7923,153708,51,0
0,1405102,0,-2048,209413,14585,172815,118716,121242,7923,153708,51,0
0,1405102,0,1576,209413,14585,172815,118716,121242,7923,153708,51,0
0,1405102,0,-2048,209413,14585,172815,118716,121242,7923,153708,51,0
0,1405102,0,1242,209413,14585,172815,118716,121242,7923,153708,51,0
0,1405102,0,1596,209413,14585,172815,118716,121242,7923,153708,51,0
0,1405102,0,363,209413,14585,172815,118716,121242,7923,153708,51,0
0,1405102,0,-406,209413,14585,172815,118716,121242,7923,153708,51,0
0,579158,0,-637,186020,34840,28444,15526,12676,6443,34853,51,0
0,579158,0,1253,186020,34840,28444,15526,12676,6443,34853,51,0
0,579158,0,440,186020,34840,28444,15526,12676,6443,34853,51,0
0,579158,0,112,186020,34840,28444,15526,12676,6443,34853,51,0
0,579158,0,-2048,186020,34840,28444,15526,12676,6443,34853,51,0
0,579158,0,1850,186020,34840,28444,15526,12676,6443,34853,51,0
0,579158,0,1050,186020,34840,28444,15526,12676,6443,34853,51,0
0,579158,0,266,186020,34840,28444,15526,12676,6443,34853,51,0
0,579158,0,87,186020,34840,28444,15526,12676,6443,34853,51,0
0,579158,0,54,186020,34840,28444,15526,12676,6443,34853,51,0
0,848799,0,-1154,176403,18843,13249,11929,17936,5132,12995,51,0
0,848799,0,1872,176403,18843,13249,11929,17936,5132,12995,51,0
0,848799,0,1441,176403,18843,13249,11929,17936,5132,12995,51,0
0,848799,0,246,176403,18843,13249,11929,17936,5132,12995,51,0
0,848799,0,113,176403,18843,13249,11929,17936,5132,12995,51,0
0,848799,0,-246,176403,18843,13249,11929,17936,5132,12995,51,0
0,848799,0,-444,176403,18843,13249,11929,17936,5132,12995,51,0
0,848799,0,-833,176403,18843,13249,11929,17936,5132,12995,51,0
0,848799,0,1672,176403,18843,13249,11929,17936,5132,12995,51,0
0,848799,0,480,176403,18843,13249,11929,17936,5132,12995,51,0
0,1303442,0,193,117980,12377,11752,33286,40053,3989,37835,51,0
0,1303442,0,82,117980,12377,11752,33286,40053,3989,37835,51,0
0,1303442,0,-2048,117980,12377,11752,33286,40053,3989,37835,51,0
0,1303442,0,-231,117980,12377,11752,33286,40053,3989,37835,51,0
0,1303442,0,2047,117980,12377,11752,33286,40053,3989,37835,51,0
0,1303442,0,662,117980,12377,11752,33286,40053,3989,37835,51,0
0,1303442,0,-1066,117980,12377,11752,33286,40053,3989,37835,51,0
0,1303442,0,301,117980,12377,11752,33286,40053,3989,37835,51,0
0,1303442,0,105,117980,12377,11752,33286,40053,3989,37835,51,0
0,1303442,0,-2048,117980,12377,11752,33286,40053,3989,37835,51,0
0,1355605,0,-91,32877,10639,24766,39841,36845,5401,34936,51,0
0,1355605,0,913,32877,10639,24766,39841,36845,5401,34936,51,0
0,1355605,0,419,32877,10639,24766,39841,36845,5401,34936,51,0
0,1355605,0,96,32877,10639,24766,39841,36845,5401,34936,51,0
0,1355605,0,54,32877,10639,24766,39841,36845,5401,34936,51,0
0,1355605,0,-2048,32877,10639,24766,39841,36845,5401,34936,51,0
0,1355605,0,683,32877,10639,24766,39841,36845,5401,34936,51,0
0,1355605,0,1232,32877,10639,24766,39841,36845,5401,34936,51,0
0,1355605,0,1600,32877,10639,24766,39841,36845,5401,34936,51,0
0,1706217,0,380,1301954,263315,181567,82160,44099,15019,127837,51,0
0,1706217,0,56,1301954,263315,181567,82160,44099,15019,127837,51,0
0,1706217,0,-2048,1301954,263315,181567,82160,44099,15019,127837,51,0
0,1706217,0,-37,1301954,263315,181567,82160,44099,15019,127837,51,0
0,1706217,0,1465,1301954,263315,181567,82160,44099,15019,127837,51,0
0,1706217,0,629,1301954,263315,181567,82160,44099,15019,127837,51,0
0,1706217,0,160,1301954,263315,181567,82160,44099,15019,127837,51,0
0,1706217,0,68,1301954,263315,181567,82160,44099,15019,127837,51,0
0,1706217,0,-2048,1301954,263315,181567,82160,44099,15019,127837,51,0
0,1706217,0,2047,1301954,263315,181567,82160,44099,15019,127837,51,0
0,1402278,0,1328,161538,41169,54461,35319,65528,13938,91700,51,0
0,1402278,0,179,161538,41169,54461,35319,65528,13938,91700,51,0
0,1402278,0,83,161538,41169,54461,35319,65528,13938,91700,51,0
0,1402278,0,53,161538,41169,54461,35319,65528,13938,91700,51,0
0,1402278,0,-2048,161538,41169,54461,35319,65528,13938,91700,51,0
0,1402278,0,2017,161538,41169,54461,35319,65528,13938,91700,51,0
0,1402278,0,1378,161538,41169,54461,35319,65528,13938,91700,51,0
0,1402278,0,747,161538,41169,54461,35319,65528,13938,91700,51,0
0,1402278,0,-708,161538,41169,54461,35319,65528,13938,91700,51,0
0,1402278,0,186,161538,41169,54461,35319,65528,13938,91700,51,0
0,188891,0,418,27479,1508,4786,5082,2492,316,12296,51,0
0,188891,0,-2048,27479,1508,4786,5082,2492,316,12296,51,0
0,188891,0,-506,27479,1508,4786,5082,2492,316,12296,51,0
0,188891,0,163,27479,1508,4786,5082,2492,316,12296,51,0
0,188891,0,1418,27479,1508,4786,5082,2492,316,12296,51,0
0,188891,0,928,27479,1508,4786,5082,2492,316,12296,51,0
0,188891,0,185,27479,1508,4786,5082,2492,316,12296,51,0
0,188891,0,67,27479,1508,4786,5082,2492,316,12296,51,0
0,188891,0,-1399,27479,1508,4786,5082,2492,316,12296,51,0
0,188891,0,1628,27479,1508,4786,5082,2492,316,12296,51,0
0,975989,0,1424,87035,47967,65803,10957,61779,8089,104118,51,0
0,975989,0,400,87035,47967,65803,10957,61779,8089,104118,51,0
0,975989,0,102,87035,47967,65803,10957,61779,8089,104118,51,0
0,975989,0,54,87035,47967,65803,10957,61779,8089,104118,51,0
0,975989,0,49,87035,47967,65803,10957,61779,8089,104118,51,0
0,975989,0,-1753,87035,47967,65803,10957,61779,8089,104118,51,0
0,975989,0,-627,87035,47967,65803,10957,61779,8089,104118,51,0
0,975989,0,152,87035,47967,65803,10957,61779,8089,104118,51,0
0,975989,0,1559,87035,47967,65803,10957,61779,8089,104118,51,0
0,975989,0,598,87035,47967,65803,10957,61779,8089,104118,51,0
0,1474784,0,148,29292,4881,9959,12916,3277,2867,14758,51,0
0,1474784,0,-1293,29292,4881,9959,12916,3277,2867,14758,51,0
0,1474784,0,1504,29292,4881,9959,12916,3277,2867,14758,51,0
0,1474784,0,988,29292,4881,9959,12916,3277,2867,14758,51,0
0,1474784,0,160,29292,4881,9959,12916,3277,2867,14758,51,0
0,1474784,0,84,29292,4881,9959,12916,3277,2867,14758,51,0
0,1474784,0,56,29292,4881,9959,12916,3277,2867,14758,51,0
0,1474784,0,-1754,29292,4881,9959,12916,3277,2867,14758,51,0
0,1474784,0,172,29292,4881,9959,12916,3277,2867,14758,51,0
0,1474784,0,1249,29292,4881,9959,12916,3277,2867,14758,51,0
0,939263,0,620,63021,64821,29756,31390,69827,5259,45906,51,0
0,939263,0,-499,63021,64821,29756,31390,69827,5259,45906,51,0
0,939263,0,378,63021,64821,29756,31390,69827,5259,45906,51,0
0,939263,0,140,63021,64821,29756,31390,69827,5259,45906,51,0
0,939263,0,-1606,63021,64821,29756,31390,69827,5259,45906,51,0
0,939263,0,1460,63021,64821,29756,31390,69827,5259,45906,51,0
0,939263,0,1180,63021,64821,29756,31390,69827,5259,45906,51,0
0,939263,0,235,63021,64821,29756,31390,69827,5259,45906,51,0
0,939263,0,82,63021,64821,29756,31390,69827,5259,45906,51,0
0,939263,0,-10,63021,64821,29756,31390,69827,5259,45906,51,0
0,161127,0,1171,8213,2359,7486,1799,5579,1910,3837,51,0
0,161127,0,374,8213,2359,7486,1799,5579,1910,3837,51,0
0,161127,0,-1844,8213,2359,7486,1799,5579,1910,3837,51,0
0,161127,0,-744,8213,2359,7486,1799,5579,1910,3837,51,0
0,161127,0,1575,8213,2359,7486,1799,5579,1910,3837,51,0
0,161127,0,872,8213,2359,7486,1799,5579,1910,3837,51,0
0,161127,0,200,8213,2359,7486,1799,5579,1910,3837,51,0
0,161127,0,76,8213,2359,7486,1799,5579,1910,3837,51,0
0,161127,0,-1593,8213,2359,7486,1799,5579,1910,3837,51,0
0,161127,0,2018,8213,2359,7486,1799,5579,1910,3837,51,0
0,1265854,0,1786,24028,46970,80603,20295,48799,15335,53098,51,0
0,1265854,0,460,24028,46970,80603,20295,48799,15335,53098,51,0
0,1265854,0,118,24028,46970,80603,20295,48799,15335,53098,51,0
0,1265854,0,76,24028,46970,80603,20295,48799,15335,53098,51,0
0,1265854,0,-1768,24028,46970,80603,20295,48799,15335,53098,51,0
0,1265854,0,1171,24028,46970,80603,20295,48799,15335,53098,51,0
0,1265854,0,1831,24028,46970,80603,20295,48799,15335,53098,51,0
0,1265854,0,341,24028,46970,80603,20295,48799,15335,53098,51,0
0,1265854,0,118,24028,46970,80603,20295,48799,15335,53098,51,0
0,1265854,0,134,24028,46970,80603,20295,48799,15335,53098,51,0
0,825195,0,163,77562,4448,5577,11073,5601,14284,33278,51,0
0,825195,0,-1688,77562,4448,5577,11073,5601,14284,33278,51,0
0,825195,0,-169,77562,4448,5577,11073,5601,14284,33278,51,0
0,825195,0,2047,77562,4448,5577,11073,5601,14284,33278,51,0
0,825195,0,900,77562,4448,5577,11073,5601,14284,33278,51,0
0,825195,0,279,77562,4448,5577,11073,5601,14284,33278,51,0
0,825195,0,105,77562,4448,5577,11073,5601,14284,33278,51,0
0,825195,0,102,77562,4448,5577,11073,5601,14284,33278,51,0
0,825195,0,-1309,77562,4448,5577,11073,5601,14284,33278,51,0
0,825195,0,753,77562,4448,5577,11073,5601,14284,33278,51,0
0,773401,0,1495,1153299,71980,239277,120923,157570,54581,499063,51,0
0,773401,0,314,1153299,71980,239277,120923,157570,54581,499063,51,0
0,773401,0,89,1153299,71980,239277,120923,157570,54581,499063,51,0
0,773401,0,4,1153299,71980,239277,120923,157570,54581,499063,51,0
0,773401,0,-166,1153299,71980,239277,120923,157570,54581,499063,51,0
0,773401,0,-2048,1153299,71980,239277,120923,157570,54581,499063,51,0
0,773401,0,1693,1153299,71980,239277,120923,157570,54581,499063,51,0
0,773401,0,1315,1153299,71980,239277,120923,157570,54581,499063,51,0
0,773401,0,632,1153299,71980,239277,120923,157570,54581,499063,51,0
0,773401,0,-230,1153299,71980,239277,120923,157570,54581,499063,51,0
0,703929,0,233,104116,21545,36810,42534,50860,41040,75883,26,0
0,703929,0,306,104116,21545,36810,42534,50860,41040,75883,26,0
0,703929,0,662,104116,21545,36810,42534,50860,41040,75883,26,0
0,703929,0,-295,104116,21545,36810,42534,50860,41040,75883,26,0
0,703929,0,-1745,104116,21545,36810,42534,50860,41040,75883,26,0
0,703929,0,-231,104116,21545,36810,42534,50860,41040,75883,26,0
0,703929,0,1425,104116,21545,36810,42534,50860,41040,75883,26,0
0,703929,0,1440,104116,21545,36810,42534,50860,41040,75883,26,0
0,703929,0,1048,104116,21545,36810,42534,50860,41040,75883,26,0
0,1606784,0,-52,1303185,10019,81579,36321,139850,56541,397858,26,0
0,1606784,0,204,1303185,10019,81579,36321,139850,56541,397858,26,0
0,1606784,0,-2048,1303185,10019,81579,36321,139850,56541,397858,26,0
0,1606784,0,-266,1303185,10019,81579,36321,139850,56541,397858,26,0
0,1606784,0,1476,1303185,10019,81579,36321,139850,56541,397858,26,0
0,1606784,0,406,1303185,10019,81579,36321,139850,56541,397858,26,0
0,1606784,0,-429,1303185,10019,81579,36321,139850,56541,397858,26,0
0,1606784,0,1048,1303185,10019,81579,36321,139850,56541,397858,26,0
0,1606784,0,-2048,1303185,10019,81579,36321,139850,56541,397858,26,0
0,1606784,0,-366,1303185,10019,81579,36321,139850,56541,397858,26,0
0,1197690,0,2047,1811278,620904,218687,143086,170466,46884,1578355,51,0
0,1197690,0,293,1811278,620904,218687,143086,170466,46884,1578355,51,0
0,1197690,0,428,1811278,620904,218687,143086,170466,46884,1578355,51,0
0,1197690,0,177,1811278,620904,218687,143086,170466,46884,1578355,51,0
0,1197690,0,68,1811278,620904,218687,143086,170466,46884,1578355,51,0
0,1197690,0,88,1811278,620904,218687,143086,170466,46884,1578355,51,0
0,1197690,0,53,1811278,620904,218687,143086,170466,46884,1578355,51,0
0,1197690,0,-871,1811278,620904,218687,143086,170466,46884,1578355,51,0
0,1197690,0,898,1811278,620904,218687,143086,170466,46884,1578355,51,0
0,1197690,0,489,1811278,620904,218687,143086,170466,46884,1578355,51,0
0,1531296,0,139,474621,52714,246185,184079,117743,32553,95864,51,0
0,1531296,0,57,474621,52714,246185,184079,117743,32553,95864,51,0
0,1531296,0,-1699,474621,52714,246185,184079,117743,32553,95864,51,0
0,1531296,0,-886,474621,52714,246185,184079,117743,32553,95864,51,0
0,1531296,0,1840,474621,52714,246185,184079,117743,32553,95864,51,0
0,1531296,0,956,474621,52714,246185,184079,117743,32553,95864,51,0
0,1531296,0,119,474621,52714,246185,184079,117743,32553,95864,51,0
0,1531296,0,65,474621,52714,246185,184079,117743,32553,95864,51,0
0,1531296,0,19,474621,52714,246185,184079,117743,32553,95864,51,0
0,1531296,0,-553,474621,52714,246185,184079,117743,32553,95864,51,0
0,708918,0,921,96828,51016,14382,54904,36894,5399,81877,51,0
0,708918,0,9,96828,51016,14382,54904,36894,5399,81877,51,0
0,708918,0,148,96828,51016,14382,54904,36894,5399,81877,51,0
0,708918,0,-502,96828,51016,14382,54904,36894,5399,81877,51,0
0,708918,0,-909,96828,51016,14382,54904,36894,5399,81877,51,0
0,708918,0,1699,96828,51016,14382,54904,36894,5399,81877,51,0
0,708918,0,834,96828,51016,14382,54904,36894,5399,81877,51,0
0,708918,0,161,96828,51016,14382,54904,36894,5399,81877,51,0
0,708918,0,12,96828,51016,14382,54904,36894,5399,81877,51,0
0,708918,0,1,96828,51016,14382,54904,36894,5399,81877,51,0
0,575605,0,-1832,116498,47492,53976,19554,81922,77618,71763,51,0
0,575605,0,-245,116498,47492,53976,19554,81922,77618,71763,51,0
0,575605,0,1100,116498,47492,53976,19554,81922,77618,71763,51,0
0,575605,0,1060,116498,47492,53976,19554,81922,77618,71763,51,0
0,575605,0,251,116498,47492,53976,19554,81922,77618,71763,51,0
0,575605,0,71,116498,47492,53976,19554,81922,77618,71763,51,0
0,575605,0,50,116498,47492,53976,19554,81922,77618,71763,51,0
0,575605,0,-2048,116498,47492,53976,19554,81922,77618,71763,51,0
0,575605,0,-593,116498,47492,53976,19554,81922,77618,71763,51,0
0,575605,0,615,116498,47492,53976,19554,81922,77618,71763,51,0
0,1396363,0,1107,179829,33934,37467,30537,55008,20184,43258,51,0
0,1396363,0,219,179829,33934,37467,30537,55008,20184,43258,51,0
0,1396363,0,69,179829,33934,37467,30537,55008,20184,43258,51,0
0,1396363,0,39,179829,33934,37467,30537,55008,20184,43258,51,0
0,1396363,0,45,179829,33934,37467,30537,55008,20184,43258,51,0
0,1396363,0,-2048,179829,33934,37467,30537,55008,20184,43258,51,0
0,1396363,0,-557,179829,33934,37467,30537,55008,20184,43258,51,0
0,1396363,0,1466,179829,33934,37467,30537,55008,20184,43258,51,0
0,1396363,0,1271,179829,33934,37467,30537,55008,20184,43258,51,0
0,1396363,0,262,179829,33934,37467,30537,55008,20184,43258,51,0
0,1418936,0,-2048,19684,11001,4393,3691,3422,2816,14694,51,0
0,1418936,0,572,19684,11001,4393,3691,3422,2816,14694,51,0
0,1418936,0,840,19684,11001,4393,3691,3422,2816,14694,51,0
0,1418936,0,442,19684,11001,4393,3691,3422,2816,14694,51,0
0,1418936,0,96,19684,11001,4393,3691,3422,2816,14694,51,0
0,1418936,0,88,19684,11001,4393,3691,3422,2816,14694,51,0
0,1418936,0,-424,19684,11001,4393,3691,3422,2816,14694,51,0
0,1418936,0,-1832,19684,11001,4393,3691,3422,2816,14694,51,0
0,1418936,0,1420,19684,11001,4393,3691,3422,2816,14694,51,0
0,1418936,0,523,19684,11001,4393,3691,3422,2816,14694,51,0
0,889646,0,379,334198,108932,94626,75069,103081,15232,312151,51,0
0,889646,0,121,334198,108932,94626,75069,103081,15232,312151,51,0
0,889646,0,51,334198,108932,94626,75069,103081,15232,312151,51,0
0,889646,0,115,334198,108932,94626,75069,103081,15232,312151,51,0
0,889646,0,-2048,334198,108932,94626,75069,103081,15232,312151,51,0
0,889646,0,-619,334198,108932,94626,75069,103081,15232,312151,51,0
0,889646,0,2047,334198,108932,94626,75069,103081,15232,312151,51,0
0,889646,0,1033,334198,108932,94626,75069,103081,15232,312151,51,0
0,889646,0,112,334198,108932,94626,75069,103081,15232,312151,51,0
0,889646,0,-187,334198,108932,94626,75069,103081,15232,312151,51,0
0,2937346,0,412,184830,11948,68262,20534,71883,3473,189040,51,0
0,2937346,0,198,184830,11948,68262,20534,71883,3473,189040,51,0
0,2937346,0,-279,184830,11948,68262,20534,71883,3473,189040,51,0
0,2937346,0,-714,184830,11948,68262,20534,71883,3473,189040,51,0
0,2937346,0,-1797,184830,11948,68262,20534,71883,3473,189040,51,0
0,2937346,0,52,184830,11948,68262,20534,71883,3473,189040,51,0
0,2937346,0,2047,184830,11948,68262,20534,71883,3473,189040,51,0
0,2937346,0,800,184830,11948,68262,20534,71883,3473,189040,51,0
0,2937346,0,347,184830,11948,68262,20534,71883,3473,189040,51,0
0,2937346,0,-187,184830,11948,68262,20534,71883,3473,189040,51,0
0,1706809,0,455,464376,147577,48612,44065,91083,2842,599137,51,0
0,1706809,0,306,464376,147577,48612,44065,91083,2842,599137,51,0
0,1706809,0,-1502,464376,147577,48612,44065,91083,2842,599137,51,0
0,1706809,0,21,464376,147577,48612,44065,91083,2842,599137,51,0
0,1706809,0,941,464376,147577,48612,44065,91083,2842,599137,51,0
0,1706809,0,-245,464376,147577,48612,44065,91083,2842,599137,51,0
0,1706809,0,727,464376,147577,48612,44065,91083,2842,599137,51,0
0,1706809,0,-2023,464376,147577,48612,44065,91083,2842,599137,51,0
0,1706809,0,2047,464376,147577,48612,44065,91083,2842,599137,51,0
0,1706809,0,-695,464376,147577,48612,44065,91083,2842,599137,51,0
0,1303169,0,-822,315321,52621,108702,81384,74358,17299,361059,51,0
0,1303169,0,1293,315321,52621,108702,81384,74358,17299,361059,51,0
0,1303169,0,227,315321,52621,108702,81384,74358,17299,361059,51,0
0,1303169,0,107,315321,52621,108702,81384,74358,17299,361059,51,0
0,1303169,0,-2048,315321,52621,108702,81384,74358,17299,361059,51,0
0,1303169,0,-278,315321,52621,108702,81384,74358,17299,361059,51,0
0,1303169,0,546,315321,52621,108702,81384,74358,17299,361059,51,0
0,1303169,0,377,315321,52621,108702,81384,74358,17299,361059,51,0
0,1303169,0,129,315321,52621,108702,81384,74358,17299,361059,51,0
0,1303169,0,58,315321,52621,108702,81384,74358,17299,361059,51,0
0,1201559,0,-2048,156530,24227,75682,73699,53784,35698,104054,51,0
0,1201559,0,2047,156530,24227,75682,73699,53784,35698,104054,51,0
0,1201559,0,486,156530,24227,75682,73699,53784,35698,104054,51,0
0,1201559,0,117,156530,24227,75682,73699,53784,35698,104054,51,0
0,1201559,0,24,156530,24227,75682,73699,53784,35698,104054,51,0
0,1201559,0,-11,156530,24227,75682,73699,53784,35698,104054,51,0
0,1201559,0,34,156530,24227,75682,73699,53784,35698,104054,51,0
0,1201559,0,-721,156530,24227,75682,73699,53784,35698,104054,51,0
0,1201559,0,2047,156530,24227,75682,73699,53784,35698,104054,51,0
0,2191232,0,1410,420278,188073,203572,131374,214383,124404,233918,51,0
0,2191232,0,301,420278,188073,203572,131374,214383,124404,233918,51,0
0,2191232,0,90,420278,188073,203572,131374,214383,124404,233918,51,0
0,2191232,0,-1417,420278,188073,203572,131374,214383,124404,233918,51,0
0,2191232,0,1847,420278,188073,203572,131374,214383,124404,233918,51,0
0,2191232,0,416,420278,188073,203572,131374,214383,124404,233918,51,0
0,2191232,0,130,420278,188073,203572,131374,214383,124404,233918,51,0
0,2191232,0,58,420278,188073,203572,131374,214383,124404,233918,51,0
0,2191232,0,-88,420278,188073,203572,131374,214383,124404,233918,51,0
0,2191232,0,-899,420278,188073,203572,131374,214383,124404,233918,51,0
0,541017,0,1843,41998,39959,29317,4242,22204,3020,4834,51,0
0,541017,0,506,41998,39959,29317,4242,22204,3020,4834,51,0
0,541017,0,120,41998,39959,29317,4242,22204,3020,4834,51,0
0,541017,0,64,41998,39959,29317,4242,22204,3020,4834,51,0
0,541017,0,51,41998,39959,29317,4242,22204,3020,4834,51,0
0,541017,0,-2048,41998,39959,29317,4242,22204,3020,4834,51,0
0,541017,0,1778,41998,39959,29317,4242,22204,3020,4834,51,0
0,541017,0,1126,41998,39959,29317,4242,22204,3020,4834,51,0
0,541017,0,299,41998,39959,29317,4242,22204,3020,4834,51,0
0,541017,0,178,41998,39959,29317,4242,22204,3020,4834,51,0
0,1002924,0,18,68125,18802,6792,10154,18468,6554,38207,51,0
0,1002924,0,57,68125,18802,6792,10154,18468,6554,38207,51,0
0,1002924,0,-2048,68125,18802,6792,10154,18468,6554,38207,51,0
0,1002924,0,-434,68125,18802,6792,10154,18468,6554,38207,51,0
0,1002924,0,2008,68125,18802,6792,10154,18468,6554,38207,51,0
0,1002924,0,1341,68125,18802,6792,10154,18468,6554,38207,51,0
0,1002924,0,244,68125,18802,6792,10154,18468,6554,38207,51,0
0,1002924,0,77,68125,18802,6792,10154,18468,6554,38207,51,0
0,1002924,0,53,68125,18802,6792,10154,18468,6554,38207,51,0
0,1002924,0,40,68125,18802,6792,10154,18468,6554,38207,51,0
0,1230334,0,-730,210073,19399,12244,43634,33665,7486,74208,51,0
0,1230334,0,1265,210073,19399,12244,43634,33665,7486,74208,51,0
0,1230334,0,594,210073,19399,12244,43634,33665,7486,74208,51,0
0,1230334,0,151,210073,19399,12244,43634,33665,7486,74208,51,0
0,1230334,0,58,210073,19399,12244,43634,33665,7486,74208,51,0
0,1230334,0,55,210073,19399,12244,43634,33665,7486,74208,51,0
0,1230334,0,-2048,210073,19399,12244,43634,33665,7486,74208,51,0
0,1230334,0,-748,210073,19399,12244,43634,33665,7486,74208,51,0
0,1230334,0,1452,210073,19399,12244,43634,33665,7486,74208,51,0
0,1230334,0,882,210073,19399,12244,43634,33665,7486,74208,51,0
0,324694,0,131,85591,13945,45536,24273,17395,17966,146114,51,0
0,324694,0,23,85591,13945,45536,24273,17395,17966,146114,51,0
0,324694,0,42,85591,13945,45536,24273,17395,17966,146114,51,0
0,324694,0,69,85591,13945,45536,24273,17395,17966,146114,51,0
0,324694,0,-110,85591,13945,45536,24273,17395,17966,146114,51,0
0,324694,0,-2038,85591,13945,45536,24273,17395,17966,146114,51,0
0,324694,0,-277,85591,13945,45536,24273,17395,17966,146114,51,0
0,324694,0,1339,85591,13945,45536,24273,17395,17966,146114,51,0
0,324694,0,796,85591,13945,45536,24273,17395,17966,146114,51,0
0,324694,0,202,85591,13945,45536,24273,17395,17966,146114,51,0
0,619451,0,67,7544,37507,9132,18504,7894,6491,88993,51,0
0,619451,0,34,7544,37507,9132,18504,7894,6491,88993,51,0
0,619451,0,-1749,7544,37507,9132,18504,7894,6491,88993,51,0
0,619451,0,833,7544,37507,9132,18504,7894,6491,88993,51,0
0,619451,0,1323,7544,37507,9132,18504,7894,6491,88993,51,0
0,619451,0,269,7544,37507,9132,18504,7894,6491,88993,51,0
0,619451,0,82,7544,37507,9132,18504,7894,6491,88993,51,0
0,619451,0,-2048,7544,37507,9132,18504,7894,6491,88993,51,0
0,619451,0,-506,7544,37507,9132,18504,7894,6491,88993,51,0
0,619451,0,965,7544,37507,9132,18504,7894,6491,88993,51,0
0,799629,0,928,415748,388863,40470,274617,310228,65009,377787,51,0
0,799629,0,183,415748,388863,40470,274617,310228,65009,377787,51,0
0,799629,0,65,415748,388863,40470,274617,310228,65009,377787,51,0
0,799629,0,-2048,415748,388863,40470,274617,310228,65009,377787,51,0
0,799629,0,1803,415748,388863,40470,274617,310228,65009,377787,51,0
0,799629,0,1385,415748,388863,40470,274617,310228,65009,377787,51,0
0,799629,0,262,415748,388863,40470,274617,310228,65009,377787,51,0
0,799629,0,80,415748,388863,40470,274617,310228,65009,377787,51,0
0,799629,0,54,415748,388863,40470,274617,310228,65009,377787,51,0
0,799629,0,41,415748,388863,40470,274617,310228,65009,377787,51,0
0,1003703,0,55,35657,16032,11415,23772,9901,4111,3833,51,0
0,1003703,0,-2048,35657,16032,11415,23772,9901,4111,3833,51,0
0,1003703,0,-490,35657,16032,11415,23772,9901,4111,3833,51,0
0,1003703,0,1453,35657,16032,11415,23772,9901,4111,3833,51,0
0,1003703,0,778,35657,16032,11415,23772,9901,4111,3833,51,0
0,1003703,0,162,35657,16032,11415,23772,9901,4111,3833,51,0
0,1003703,0,73,35657,16032,11415,23772,9901,4111,3833,51,0
0,1003703,0,-2048,35657,16032,11415,23772,9901,4111,3833,51,0
0,1003703,0,-294,35657,16032,11415,23772,9901,4111,3833,51,0
0,1003703,0,1482,35657,16032,11415,23772,9901,4111,3833,51,0
0,806844,0,596,57341,6492,14819,7209,6477,1117,15697,51,0
0,806844,0,120,57341,6492,14819,7209,6477,1117,15697,51,0
0,806844,0,49,57341,6492,14819,7209,6477,1117,15697,51,0
0,806844,0,39,57341,6492,14819,7209,6477,1117,15697,51,0
0,806844,0,51,57341,6492,14819,7209,6477,1117,15697,51,0
0,806844,0,-2048,57341,6492,14819,7209,6477,1117,15697,51,0
0,806844,0,-516,57341,6492,14819,7209,6477,1117,15697,51,0
0,806844,0,65509,57341,6492,14819,7209,6477,1117,15697,51,0
0,806844,0,2047,57341,6492,14819,7209,6477,1117,15697,51,0
0,806844,0,601,57341,6492,14819,7209,6477,1117,15697,51,0
0,1917957,0,136,23744,8242,5808,2693,5530,1597,5483,51,0
0,1917957,0,68,23744,8242,5808,2693,5530,1597,5483,51,0
0,1917957,0,35,23744,8242,5808,2693,5530,1597,5483,51,0
0,1917957,0,-249,23744,8242,5808,2693,5530,1597,5483,51,0
0,1917957,0,9,23744,8242,5808,2693,5530,1597,5483,51,0
0,1917957,0,146,23744,8242,5808,2693,5530,1597,5483,51,0
0,1917957,0,-802,23744,8242,5808,2693,5530,1597,5483,51,0
0,1917957,0,666,23744,8242,5808,2693,5530,1597,5483,51,0
0,1917957,0,-1587,23744,8242,5808,2693,5530,1597,5483,51,0
0,1917957,0,-227,23744,8242,5808,2693,5530,1597,5483,51,0
0,2173024,0,2043,1287555,286497,75942,74195,87188,36295,366841,25,0
0,2173024,0,1158,1287555,286497,75942,74195,87188,36295,366841,25,0
0,2173024,0,224,1287555,286497,75942,74195,87188,36295,366841,25,0
0,2173024,0,-2048,1287555,286497,75942,74195,87188,36295,366841,25,0
0,2173024,0,1993,1287555,286497,75942,74195,87188,36295,366841,25,0
0,2173024,0,1276,1287555,286497,75942,74195,87188,36295,366841,25,0
0,2173024,0,164,1287555,286497,75942,74195,87188,36295,366841,25,0
0,2173024,0,65,1287555,286497,75942,74195,87188,36295,366841,25,0
0,2173024,0,-1049,1287555,286497,75942,74195,87188,36295,366841,25,0
0,1807117,0,1990,161819,110484,95850,108925,92676,30609,66679,51,0
0,1807117,0,422,161819,110484,95850,108925,92676,30609,66679,51,0
0,1807117,0,105,161819,110484,95850,108925,92676,30609,66679,51,0
0,1807117,0,56,161819,110484,95850,108925,92676,30609,66679,51,0
0,1807117,0,-1506,161819,110484,95850,108925,92676,30609,66679,51,0
0,1807117,0,2047,161819,110484,95850,108925,92676,30609,66679,51,0
0,1807117,0,630,161819,110484,95850,108925,92676,30609,66679,51,0
0,1807117,0,138,161819,110484,95850,108925,92676,30609,66679,51,0
0,1807117,0,59,161819,110484,95850,108925,92676,30609,66679,51,0
0,1807117,0,50,161819,110484,95850,108925,92676,30609,66679,51,0
